path,ext,owner,text
C:/synthetic_data/doc_0.pdf,.pdf,alice,Synthetic content for document 0 of type .pdf
C:/synthetic_data/doc_1.docx,.docx,carol,Synthetic content for document 1 of type .docx
C:/synthetic_data/doc_2.docx,.docx,alice,Synthetic content for document 2 of type .docx
C:/synthetic_data/doc_3.pdf,.pdf,bob,Synthetic content for document 3 of type .pdf
C:/synthetic_data/doc_4.docx,.docx,dave,Synthetic content for document 4 of type .docx
C:/synthetic_data/doc_5.pptx,.pptx,bob,Synthetic content for document 5 of type .pptx
C:/synthetic_data/doc_6.docx,.docx,carol,Synthetic content for document 6 of type .docx
C:/synthetic_data/doc_7.docx,.docx,dave,Synthetic content for document 7 of type .docx
C:/synthetic_data/doc_8.pdf,.pdf,alice,Synthetic content for document 8 of type .pdf
C:/synthetic_data/doc_9.pptx,.pptx,dave,Synthetic content for document 9 of type .pptx
C:/synthetic_data/doc_10.docx,.docx,bob,Synthetic content for document 10 of type .docx
C:/synthetic_data/doc_11.pdf,.pdf,carol,Synthetic content for document 11 of type .pdf
C:/synthetic_data/doc_12.docx,.docx,dave,Synthetic content for document 12 of type .docx
C:/synthetic_data/doc_13.pdf,.pdf,alice,Synthetic content for document 13 of type .pdf
C:/synthetic_data/doc_14.pdf,.pdf,bob,Synthetic content for document 14 of type .pdf
C:/synthetic_data/doc_15.docx,.docx,alice,Synthetic content for document 15 of type .docx
C:/synthetic_data/doc_16.docx,.docx,alice,Synthetic content for document 16 of type .docx
C:/synthetic_data/doc_17.docx,.docx,dave,Synthetic content for document 17 of type .docx
C:/synthetic_data/doc_18.docx,.docx,alice,Synthetic content for document 18 of type .docx
C:/synthetic_data/doc_19.docx,.docx,dave,Synthetic content for document 19 of type .docx
C:/synthetic_data/doc_20.docx,.docx,dave,Synthetic content for document 20 of type .docx
C:/synthetic_data/doc_21.docx,.docx,alice,Synthetic content for document 21 of type .docx
C:/synthetic_data/doc_22.pptx,.pptx,dave,Synthetic content for document 22 of type .pptx
C:/synthetic_data/doc_23.pdf,.pdf,bob,Synthetic content for document 23 of type .pdf
C:/synthetic_data/doc_24.pptx,.pptx,dave,Synthetic content for document 24 of type .pptx
C:/synthetic_data/doc_25.pdf,.pdf,dave,Synthetic content for document 25 of type .pdf
C:/synthetic_data/doc_26.docx,.docx,bob,Synthetic content for document 26 of type .docx
C:/synthetic_data/doc_27.docx,.docx,dave,Synthetic content for document 27 of type .docx
C:/synthetic_data/doc_28.docx,.docx,dave,Synthetic content for document 28 of type .docx
C:/synthetic_data/doc_29.pdf,.pdf,bob,Synthetic content for document 29 of type .pdf
C:/synthetic_data/doc_30.docx,.docx,carol,Synthetic content for document 30 of type .docx
C:/synthetic_data/doc_31.docx,.docx,bob,Synthetic content for document 31 of type .docx
C:/synthetic_data/doc_32.docx,.docx,carol,Synthetic content for document 32 of type .docx
C:/synthetic_data/doc_33.pdf,.pdf,alice,Synthetic content for document 33 of type .pdf
C:/synthetic_data/doc_34.pdf,.pdf,carol,Synthetic content for document 34 of type .pdf
C:/synthetic_data/doc_35.docx,.docx,dave,Synthetic content for document 35 of type .docx
C:/synthetic_data/doc_36.pptx,.pptx,carol,Synthetic content for document 36 of type .pptx
C:/synthetic_data/doc_37.docx,.docx,bob,Synthetic content for document 37 of type .docx
C:/synthetic_data/doc_38.docx,.docx,alice,Synthetic content for document 38 of type .docx
C:/synthetic_data/doc_39.pdf,.pdf,bob,Synthetic content for document 39 of type .pdf
C:/synthetic_data/doc_40.pdf,.pdf,bob,Synthetic content for document 40 of type .pdf
C:/synthetic_data/doc_41.pdf,.pdf,dave,Synthetic content for document 41 of type .pdf
C:/synthetic_data/doc_42.docx,.docx,dave,Synthetic content for document 42 of type .docx
C:/synthetic_data/doc_43.pdf,.pdf,alice,Synthetic content for document 43 of type .pdf
C:/synthetic_data/doc_44.pptx,.pptx,carol,Synthetic content for document 44 of type .pptx
C:/synthetic_data/doc_45.docx,.docx,dave,Synthetic content for document 45 of type .docx
C:/synthetic_data/doc_46.docx,.docx,dave,Synthetic content for document 46 of type .docx
C:/synthetic_data/doc_47.pdf,.pdf,dave,Synthetic content for document 47 of type .pdf
C:/synthetic_data/doc_48.pdf,.pdf,carol,Synthetic content for document 48 of type .pdf
C:/synthetic_data/doc_49.pdf,.pdf,alice,Synthetic content for document 49 of type .pdf
C:/synthetic_data/doc_50.docx,.docx,bob,Synthetic content for document 50 of type .docx
C:/synthetic_data/doc_51.docx,.docx,alice,Synthetic content for document 51 of type .docx
C:/synthetic_data/doc_52.pdf,.pdf,bob,Synthetic content for document 52 of type .pdf
C:/synthetic_data/doc_53.docx,.docx,bob,Synthetic content for document 53 of type .docx
C:/synthetic_data/doc_54.docx,.docx,alice,Synthetic content for document 54 of type .docx
C:/synthetic_data/doc_55.pdf,.pdf,alice,Synthetic content for document 55 of type .pdf
C:/synthetic_data/doc_56.pdf,.pdf,dave,Synthetic content for document 56 of type .pdf
C:/synthetic_data/doc_57.pdf,.pdf,alice,Synthetic content for document 57 of type .pdf
C:/synthetic_data/doc_58.docx,.docx,dave,Synthetic content for document 58 of type .docx
C:/synthetic_data/doc_59.docx,.docx,carol,Synthetic content for document 59 of type .docx
C:/synthetic_data/doc_60.pdf,.pdf,bob,Synthetic content for document 60 of type .pdf
C:/synthetic_data/doc_61.docx,.docx,carol,Synthetic content for document 61 of type .docx
C:/synthetic_data/doc_62.docx,.docx,carol,Synthetic content for document 62 of type .docx
C:/synthetic_data/doc_63.docx,.docx,carol,Synthetic content for document 63 of type .docx
C:/synthetic_data/doc_64.docx,.docx,carol,Synthetic content for document 64 of type .docx
C:/synthetic_data/doc_65.docx,.docx,alice,Synthetic content for document 65 of type .docx
C:/synthetic_data/doc_66.docx,.docx,bob,Synthetic content for document 66 of type .docx
C:/synthetic_data/doc_67.docx,.docx,alice,Synthetic content for document 67 of type .docx
C:/synthetic_data/doc_68.pdf,.pdf,alice,Synthetic content for document 68 of type .pdf
C:/synthetic_data/doc_69.pdf,.pdf,dave,Synthetic content for document 69 of type .pdf
C:/synthetic_data/doc_70.docx,.docx,dave,Synthetic content for document 70 of type .docx
C:/synthetic_data/doc_71.pptx,.pptx,alice,Synthetic content for document 71 of type .pptx
C:/synthetic_data/doc_72.pdf,.pdf,bob,Synthetic content for document 72 of type .pdf
C:/synthetic_data/doc_73.pdf,.pdf,bob,Synthetic content for document 73 of type .pdf
C:/synthetic_data/doc_74.pdf,.pdf,alice,Synthetic content for document 74 of type .pdf
C:/synthetic_data/doc_75.pptx,.pptx,dave,Synthetic content for document 75 of type .pptx
C:/synthetic_data/doc_76.pptx,.pptx,dave,Synthetic content for document 76 of type .pptx
C:/synthetic_data/doc_77.docx,.docx,carol,Synthetic content for document 77 of type .docx
C:/synthetic_data/doc_78.pdf,.pdf,alice,Synthetic content for document 78 of type .pdf
C:/synthetic_data/doc_79.pdf,.pdf,carol,Synthetic content for document 79 of type .pdf
C:/synthetic_data/doc_80.pptx,.pptx,carol,Synthetic content for document 80 of type .pptx
C:/synthetic_data/doc_81.pdf,.pdf,alice,Synthetic content for document 81 of type .pdf
C:/synthetic_data/doc_82.docx,.docx,dave,Synthetic content for document 82 of type .docx
C:/synthetic_data/doc_83.docx,.docx,dave,Synthetic content for document 83 of type .docx
C:/synthetic_data/doc_84.pptx,.pptx,carol,Synthetic content for document 84 of type .pptx
C:/synthetic_data/doc_85.docx,.docx,bob,Synthetic content for document 85 of type .docx
C:/synthetic_data/doc_86.docx,.docx,bob,Synthetic content for document 86 of type .docx
C:/synthetic_data/doc_87.docx,.docx,carol,Synthetic content for document 87 of type .docx
C:/synthetic_data/doc_88.pptx,.pptx,alice,Synthetic content for document 88 of type .pptx
C:/synthetic_data/doc_89.pdf,.pdf,carol,Synthetic content for document 89 of type .pdf
C:/synthetic_data/doc_90.docx,.docx,dave,Synthetic content for document 90 of type .docx
C:/synthetic_data/doc_91.docx,.docx,carol,Synthetic content for document 91 of type .docx
C:/synthetic_data/doc_92.docx,.docx,bob,Synthetic content for document 92 of type .docx
C:/synthetic_data/doc_93.docx,.docx,bob,Synthetic content for document 93 of type .docx
C:/synthetic_data/doc_94.pdf,.pdf,dave,Synthetic content for document 94 of type .pdf
C:/synthetic_data/doc_95.pdf,.pdf,alice,Synthetic content for document 95 of type .pdf
C:/synthetic_data/doc_96.pptx,.pptx,alice,Synthetic content for document 96 of type .pptx
C:/synthetic_data/doc_97.pdf,.pdf,dave,Synthetic content for document 97 of type .pdf
C:/synthetic_data/doc_98.docx,.docx,alice,Synthetic content for document 98 of type .docx
C:/synthetic_data/doc_99.pdf,.pdf,bob,Synthetic content for document 99 of type .pdf
C:/synthetic_data/doc_100.docx,.docx,bob,Synthetic content for document 100 of type .docx
C:/synthetic_data/doc_101.docx,.docx,carol,Synthetic content for document 101 of type .docx
C:/synthetic_data/doc_102.docx,.docx,carol,Synthetic content for document 102 of type .docx
C:/synthetic_data/doc_103.pdf,.pdf,carol,Synthetic content for document 103 of type .pdf
C:/synthetic_data/doc_104.pdf,.pdf,carol,Synthetic content for document 104 of type .pdf
C:/synthetic_data/doc_105.docx,.docx,dave,Synthetic content for document 105 of type .docx
C:/synthetic_data/doc_106.docx,.docx,dave,Synthetic content for document 106 of type .docx
C:/synthetic_data/doc_107.pptx,.pptx,alice,Synthetic content for document 107 of type .pptx
C:/synthetic_data/doc_108.pdf,.pdf,carol,Synthetic content for document 108 of type .pdf
C:/synthetic_data/doc_109.docx,.docx,bob,Synthetic content for document 109 of type .docx
C:/synthetic_data/doc_110.docx,.docx,alice,Synthetic content for document 110 of type .docx
C:/synthetic_data/doc_111.pdf,.pdf,bob,Synthetic content for document 111 of type .pdf
C:/synthetic_data/doc_112.docx,.docx,bob,Synthetic content for document 112 of type .docx
C:/synthetic_data/doc_113.pdf,.pdf,carol,Synthetic content for document 113 of type .pdf
C:/synthetic_data/doc_114.docx,.docx,alice,Synthetic content for document 114 of type .docx
C:/synthetic_data/doc_115.docx,.docx,alice,Synthetic content for document 115 of type .docx
C:/synthetic_data/doc_116.pptx,.pptx,alice,Synthetic content for document 116 of type .pptx
C:/synthetic_data/doc_117.docx,.docx,bob,Synthetic content for document 117 of type .docx
C:/synthetic_data/doc_118.docx,.docx,bob,Synthetic content for document 118 of type .docx
C:/synthetic_data/doc_119.pdf,.pdf,alice,Synthetic content for document 119 of type .pdf
C:/synthetic_data/doc_120.docx,.docx,carol,Synthetic content for document 120 of type .docx
C:/synthetic_data/doc_121.pdf,.pdf,alice,Synthetic content for document 121 of type .pdf
C:/synthetic_data/doc_122.docx,.docx,alice,Synthetic content for document 122 of type .docx
C:/synthetic_data/doc_123.pdf,.pdf,dave,Synthetic content for document 123 of type .pdf
C:/synthetic_data/doc_124.pdf,.pdf,carol,Synthetic content for document 124 of type .pdf
C:/synthetic_data/doc_125.pdf,.pdf,carol,Synthetic content for document 125 of type .pdf
C:/synthetic_data/doc_126.pdf,.pdf,bob,Synthetic content for document 126 of type .pdf
C:/synthetic_data/doc_127.pdf,.pdf,dave,Synthetic content for document 127 of type .pdf
C:/synthetic_data/doc_128.docx,.docx,alice,Synthetic content for document 128 of type .docx
C:/synthetic_data/doc_129.pdf,.pdf,alice,Synthetic content for document 129 of type .pdf
C:/synthetic_data/doc_130.docx,.docx,bob,Synthetic content for document 130 of type .docx
C:/synthetic_data/doc_131.pdf,.pdf,alice,Synthetic content for document 131 of type .pdf
C:/synthetic_data/doc_132.docx,.docx,carol,Synthetic content for document 132 of type .docx
C:/synthetic_data/doc_133.pptx,.pptx,alice,Synthetic content for document 133 of type .pptx
C:/synthetic_data/doc_134.pdf,.pdf,bob,Synthetic content for document 134 of type .pdf
C:/synthetic_data/doc_135.pdf,.pdf,alice,Synthetic content for document 135 of type .pdf
C:/synthetic_data/doc_136.pdf,.pdf,dave,Synthetic content for document 136 of type .pdf
C:/synthetic_data/doc_137.docx,.docx,carol,Synthetic content for document 137 of type .docx
C:/synthetic_data/doc_138.pptx,.pptx,carol,Synthetic content for document 138 of type .pptx
C:/synthetic_data/doc_139.pptx,.pptx,carol,Synthetic content for document 139 of type .pptx
C:/synthetic_data/doc_140.docx,.docx,alice,Synthetic content for document 140 of type .docx
C:/synthetic_data/doc_141.pptx,.pptx,dave,Synthetic content for document 141 of type .pptx
C:/synthetic_data/doc_142.pptx,.pptx,alice,Synthetic content for document 142 of type .pptx
C:/synthetic_data/doc_143.docx,.docx,bob,Synthetic content for document 143 of type .docx
C:/synthetic_data/doc_144.docx,.docx,bob,Synthetic content for document 144 of type .docx
C:/synthetic_data/doc_145.docx,.docx,alice,Synthetic content for document 145 of type .docx
C:/synthetic_data/doc_146.pdf,.pdf,alice,Synthetic content for document 146 of type .pdf
C:/synthetic_data/doc_147.pdf,.pdf,dave,Synthetic content for document 147 of type .pdf
C:/synthetic_data/doc_148.pdf,.pdf,carol,Synthetic content for document 148 of type .pdf
C:/synthetic_data/doc_149.docx,.docx,alice,Synthetic content for document 149 of type .docx
C:/synthetic_data/doc_150.docx,.docx,carol,Synthetic content for document 150 of type .docx
C:/synthetic_data/doc_151.pptx,.pptx,dave,Synthetic content for document 151 of type .pptx
C:/synthetic_data/doc_152.docx,.docx,alice,Synthetic content for document 152 of type .docx
C:/synthetic_data/doc_153.pptx,.pptx,carol,Synthetic content for document 153 of type .pptx
C:/synthetic_data/doc_154.docx,.docx,alice,Synthetic content for document 154 of type .docx
C:/synthetic_data/doc_155.docx,.docx,carol,Synthetic content for document 155 of type .docx
C:/synthetic_data/doc_156.docx,.docx,dave,Synthetic content for document 156 of type .docx
C:/synthetic_data/doc_157.pdf,.pdf,dave,Synthetic content for document 157 of type .pdf
C:/synthetic_data/doc_158.docx,.docx,dave,Synthetic content for document 158 of type .docx
C:/synthetic_data/doc_159.pptx,.pptx,carol,Synthetic content for document 159 of type .pptx
C:/synthetic_data/doc_160.docx,.docx,dave,Synthetic content for document 160 of type .docx
C:/synthetic_data/doc_161.docx,.docx,carol,Synthetic content for document 161 of type .docx
C:/synthetic_data/doc_162.docx,.docx,dave,Synthetic content for document 162 of type .docx
C:/synthetic_data/doc_163.docx,.docx,bob,Synthetic content for document 163 of type .docx
C:/synthetic_data/doc_164.pdf,.pdf,bob,Synthetic content for document 164 of type .pdf
C:/synthetic_data/doc_165.docx,.docx,bob,Synthetic content for document 165 of type .docx
C:/synthetic_data/doc_166.pdf,.pdf,bob,Synthetic content for document 166 of type .pdf
C:/synthetic_data/doc_167.pdf,.pdf,bob,Synthetic content for document 167 of type .pdf
C:/synthetic_data/doc_168.docx,.docx,bob,Synthetic content for document 168 of type .docx
C:/synthetic_data/doc_169.pdf,.pdf,alice,Synthetic content for document 169 of type .pdf
C:/synthetic_data/doc_170.docx,.docx,alice,Synthetic content for document 170 of type .docx
C:/synthetic_data/doc_171.docx,.docx,dave,Synthetic content for document 171 of type .docx
C:/synthetic_data/doc_172.pdf,.pdf,bob,Synthetic content for document 172 of type .pdf
C:/synthetic_data/doc_173.pdf,.pdf,bob,Synthetic content for document 173 of type .pdf
C:/synthetic_data/doc_174.pdf,.pdf,alice,Synthetic content for document 174 of type .pdf
C:/synthetic_data/doc_175.pdf,.pdf,dave,Synthetic content for document 175 of type .pdf
C:/synthetic_data/doc_176.pdf,.pdf,bob,Synthetic content for document 176 of type .pdf
C:/synthetic_data/doc_177.docx,.docx,bob,Synthetic content for document 177 of type .docx
C:/synthetic_data/doc_178.pdf,.pdf,dave,Synthetic content for document 178 of type .pdf
C:/synthetic_data/doc_179.pdf,.pdf,bob,Synthetic content for document 179 of type .pdf
C:/synthetic_data/doc_180.pdf,.pdf,carol,Synthetic content for document 180 of type .pdf
C:/synthetic_data/doc_181.pdf,.pdf,dave,Synthetic content for document 181 of type .pdf
C:/synthetic_data/doc_182.docx,.docx,bob,Synthetic content for document 182 of type .docx
C:/synthetic_data/doc_183.pdf,.pdf,dave,Synthetic content for document 183 of type .pdf
C:/synthetic_data/doc_184.pdf,.pdf,dave,Synthetic content for document 184 of type .pdf
C:/synthetic_data/doc_185.pdf,.pdf,alice,Synthetic content for document 185 of type .pdf
C:/synthetic_data/doc_186.docx,.docx,dave,Synthetic content for document 186 of type .docx
C:/synthetic_data/doc_187.docx,.docx,alice,Synthetic content for document 187 of type .docx
C:/synthetic_data/doc_188.pdf,.pdf,alice,Synthetic content for document 188 of type .pdf
C:/synthetic_data/doc_189.pdf,.pdf,bob,Synthetic content for document 189 of type .pdf
C:/synthetic_data/doc_190.pdf,.pdf,carol,Synthetic content for document 190 of type .pdf
C:/synthetic_data/doc_191.docx,.docx,dave,Synthetic content for document 191 of type .docx
C:/synthetic_data/doc_192.docx,.docx,alice,Synthetic content for document 192 of type .docx
C:/synthetic_data/doc_193.pdf,.pdf,bob,Synthetic content for document 193 of type .pdf
C:/synthetic_data/doc_194.docx,.docx,alice,Synthetic content for document 194 of type .docx
C:/synthetic_data/doc_195.pdf,.pdf,dave,Synthetic content for document 195 of type .pdf
C:/synthetic_data/doc_196.pdf,.pdf,carol,Synthetic content for document 196 of type .pdf
C:/synthetic_data/doc_197.pdf,.pdf,alice,Synthetic content for document 197 of type .pdf
C:/synthetic_data/doc_198.pdf,.pdf,dave,Synthetic content for document 198 of type .pdf
C:/synthetic_data/doc_199.pdf,.pdf,bob,Synthetic content for document 199 of type .pdf
C:/synthetic_data/doc_200.docx,.docx,bob,Synthetic content for document 200 of type .docx
C:/synthetic_data/doc_201.pdf,.pdf,bob,Synthetic content for document 201 of type .pdf
C:/synthetic_data/doc_202.pdf,.pdf,bob,Synthetic content for document 202 of type .pdf
C:/synthetic_data/doc_203.docx,.docx,carol,Synthetic content for document 203 of type .docx
C:/synthetic_data/doc_204.pdf,.pdf,alice,Synthetic content for document 204 of type .pdf
C:/synthetic_data/doc_205.docx,.docx,alice,Synthetic content for document 205 of type .docx
C:/synthetic_data/doc_206.pdf,.pdf,alice,Synthetic content for document 206 of type .pdf
C:/synthetic_data/doc_207.pdf,.pdf,bob,Synthetic content for document 207 of type .pdf
C:/synthetic_data/doc_208.pptx,.pptx,dave,Synthetic content for document 208 of type .pptx
C:/synthetic_data/doc_209.docx,.docx,dave,Synthetic content for document 209 of type .docx
C:/synthetic_data/doc_210.docx,.docx,bob,Synthetic content for document 210 of type .docx
C:/synthetic_data/doc_211.docx,.docx,carol,Synthetic content for document 211 of type .docx
C:/synthetic_data/doc_212.pdf,.pdf,bob,Synthetic content for document 212 of type .pdf
C:/synthetic_data/doc_213.pdf,.pdf,bob,Synthetic content for document 213 of type .pdf
C:/synthetic_data/doc_214.pdf,.pdf,bob,Synthetic content for document 214 of type .pdf
C:/synthetic_data/doc_215.docx,.docx,carol,Synthetic content for document 215 of type .docx
C:/synthetic_data/doc_216.pdf,.pdf,carol,Synthetic content for document 216 of type .pdf
C:/synthetic_data/doc_217.docx,.docx,carol,Synthetic content for document 217 of type .docx
C:/synthetic_data/doc_218.pdf,.pdf,carol,Synthetic content for document 218 of type .pdf
C:/synthetic_data/doc_219.pdf,.pdf,bob,Synthetic content for document 219 of type .pdf
C:/synthetic_data/doc_220.pdf,.pdf,dave,Synthetic content for document 220 of type .pdf
C:/synthetic_data/doc_221.docx,.docx,bob,Synthetic content for document 221 of type .docx
C:/synthetic_data/doc_222.docx,.docx,dave,Synthetic content for document 222 of type .docx
C:/synthetic_data/doc_223.pdf,.pdf,carol,Synthetic content for document 223 of type .pdf
C:/synthetic_data/doc_224.pptx,.pptx,alice,Synthetic content for document 224 of type .pptx
C:/synthetic_data/doc_225.pptx,.pptx,carol,Synthetic content for document 225 of type .pptx
C:/synthetic_data/doc_226.docx,.docx,bob,Synthetic content for document 226 of type .docx
C:/synthetic_data/doc_227.pdf,.pdf,bob,Synthetic content for document 227 of type .pdf
C:/synthetic_data/doc_228.docx,.docx,dave,Synthetic content for document 228 of type .docx
C:/synthetic_data/doc_229.docx,.docx,carol,Synthetic content for document 229 of type .docx
C:/synthetic_data/doc_230.docx,.docx,alice,Synthetic content for document 230 of type .docx
C:/synthetic_data/doc_231.pdf,.pdf,dave,Synthetic content for document 231 of type .pdf
C:/synthetic_data/doc_232.docx,.docx,bob,Synthetic content for document 232 of type .docx
C:/synthetic_data/doc_233.docx,.docx,dave,Synthetic content for document 233 of type .docx
C:/synthetic_data/doc_234.pdf,.pdf,alice,Synthetic content for document 234 of type .pdf
C:/synthetic_data/doc_235.docx,.docx,dave,Synthetic content for document 235 of type .docx
C:/synthetic_data/doc_236.pptx,.pptx,bob,Synthetic content for document 236 of type .pptx
C:/synthetic_data/doc_237.docx,.docx,alice,Synthetic content for document 237 of type .docx
C:/synthetic_data/doc_238.pdf,.pdf,carol,Synthetic content for document 238 of type .pdf
C:/synthetic_data/doc_239.docx,.docx,carol,Synthetic content for document 239 of type .docx
C:/synthetic_data/doc_240.docx,.docx,bob,Synthetic content for document 240 of type .docx
C:/synthetic_data/doc_241.pdf,.pdf,carol,Synthetic content for document 241 of type .pdf
C:/synthetic_data/doc_242.pdf,.pdf,bob,Synthetic content for document 242 of type .pdf
C:/synthetic_data/doc_243.docx,.docx,dave,Synthetic content for document 243 of type .docx
C:/synthetic_data/doc_244.pdf,.pdf,dave,Synthetic content for document 244 of type .pdf
C:/synthetic_data/doc_245.pdf,.pdf,alice,Synthetic content for document 245 of type .pdf
C:/synthetic_data/doc_246.pptx,.pptx,bob,Synthetic content for document 246 of type .pptx
C:/synthetic_data/doc_247.pptx,.pptx,dave,Synthetic content for document 247 of type .pptx
C:/synthetic_data/doc_248.docx,.docx,bob,Synthetic content for document 248 of type .docx
C:/synthetic_data/doc_249.pdf,.pdf,carol,Synthetic content for document 249 of type .pdf
C:/synthetic_data/doc_250.pdf,.pdf,alice,Synthetic content for document 250 of type .pdf
C:/synthetic_data/doc_251.pdf,.pdf,carol,Synthetic content for document 251 of type .pdf
C:/synthetic_data/doc_252.docx,.docx,alice,Synthetic content for document 252 of type .docx
C:/synthetic_data/doc_253.docx,.docx,carol,Synthetic content for document 253 of type .docx
C:/synthetic_data/doc_254.pdf,.pdf,dave,Synthetic content for document 254 of type .pdf
C:/synthetic_data/doc_255.pdf,.pdf,alice,Synthetic content for document 255 of type .pdf
C:/synthetic_data/doc_256.docx,.docx,dave,Synthetic content for document 256 of type .docx
C:/synthetic_data/doc_257.pdf,.pdf,carol,Synthetic content for document 257 of type .pdf
C:/synthetic_data/doc_258.docx,.docx,alice,Synthetic content for document 258 of type .docx
C:/synthetic_data/doc_259.pdf,.pdf,dave,Synthetic content for document 259 of type .pdf
C:/synthetic_data/doc_260.pdf,.pdf,bob,Synthetic content for document 260 of type .pdf
C:/synthetic_data/doc_261.pdf,.pdf,carol,Synthetic content for document 261 of type .pdf
C:/synthetic_data/doc_262.pptx,.pptx,alice,Synthetic content for document 262 of type .pptx
C:/synthetic_data/doc_263.pdf,.pdf,dave,Synthetic content for document 263 of type .pdf
C:/synthetic_data/doc_264.pptx,.pptx,bob,Synthetic content for document 264 of type .pptx
C:/synthetic_data/doc_265.pdf,.pdf,dave,Synthetic content for document 265 of type .pdf
C:/synthetic_data/doc_266.pdf,.pdf,bob,Synthetic content for document 266 of type .pdf
C:/synthetic_data/doc_267.pdf,.pdf,alice,Synthetic content for document 267 of type .pdf
C:/synthetic_data/doc_268.pdf,.pdf,dave,Synthetic content for document 268 of type .pdf
C:/synthetic_data/doc_269.pdf,.pdf,carol,Synthetic content for document 269 of type .pdf
C:/synthetic_data/doc_270.pdf,.pdf,dave,Synthetic content for document 270 of type .pdf
C:/synthetic_data/doc_271.docx,.docx,alice,Synthetic content for document 271 of type .docx
C:/synthetic_data/doc_272.docx,.docx,alice,Synthetic content for document 272 of type .docx
C:/synthetic_data/doc_273.docx,.docx,dave,Synthetic content for document 273 of type .docx
C:/synthetic_data/doc_274.docx,.docx,carol,Synthetic content for document 274 of type .docx
C:/synthetic_data/doc_275.docx,.docx,carol,Synthetic content for document 275 of type .docx
C:/synthetic_data/doc_276.pdf,.pdf,carol,Synthetic content for document 276 of type .pdf
C:/synthetic_data/doc_277.docx,.docx,carol,Synthetic content for document 277 of type .docx
C:/synthetic_data/doc_278.pdf,.pdf,alice,Synthetic content for document 278 of type .pdf
C:/synthetic_data/doc_279.pdf,.pdf,bob,Synthetic content for document 279 of type .pdf
C:/synthetic_data/doc_280.docx,.docx,carol,Synthetic content for document 280 of type .docx
C:/synthetic_data/doc_281.docx,.docx,dave,Synthetic content for document 281 of type .docx
C:/synthetic_data/doc_282.pdf,.pdf,alice,Synthetic content for document 282 of type .pdf
C:/synthetic_data/doc_283.docx,.docx,bob,Synthetic content for document 283 of type .docx
C:/synthetic_data/doc_284.pdf,.pdf,bob,Synthetic content for document 284 of type .pdf
C:/synthetic_data/doc_285.docx,.docx,bob,Synthetic content for document 285 of type .docx
C:/synthetic_data/doc_286.pdf,.pdf,dave,Synthetic content for document 286 of type .pdf
C:/synthetic_data/doc_287.docx,.docx,dave,Synthetic content for document 287 of type .docx
C:/synthetic_data/doc_288.docx,.docx,alice,Synthetic content for document 288 of type .docx
C:/synthetic_data/doc_289.pdf,.pdf,alice,Synthetic content for document 289 of type .pdf
C:/synthetic_data/doc_290.docx,.docx,bob,Synthetic content for document 290 of type .docx
C:/synthetic_data/doc_291.docx,.docx,bob,Synthetic content for document 291 of type .docx
C:/synthetic_data/doc_292.docx,.docx,carol,Synthetic content for document 292 of type .docx
C:/synthetic_data/doc_293.pptx,.pptx,dave,Synthetic content for document 293 of type .pptx
C:/synthetic_data/doc_294.docx,.docx,dave,Synthetic content for document 294 of type .docx
C:/synthetic_data/doc_295.pdf,.pdf,carol,Synthetic content for document 295 of type .pdf
C:/synthetic_data/doc_296.pdf,.pdf,carol,Synthetic content for document 296 of type .pdf
C:/synthetic_data/doc_297.pdf,.pdf,dave,Synthetic content for document 297 of type .pdf
C:/synthetic_data/doc_298.pdf,.pdf,alice,Synthetic content for document 298 of type .pdf
C:/synthetic_data/doc_299.pptx,.pptx,bob,Synthetic content for document 299 of type .pptx
C:/synthetic_data/doc_300.docx,.docx,carol,Synthetic content for document 300 of type .docx
C:/synthetic_data/doc_301.docx,.docx,dave,Synthetic content for document 301 of type .docx
C:/synthetic_data/doc_302.docx,.docx,bob,Synthetic content for document 302 of type .docx
C:/synthetic_data/doc_303.pdf,.pdf,carol,Synthetic content for document 303 of type .pdf
C:/synthetic_data/doc_304.docx,.docx,carol,Synthetic content for document 304 of type .docx
C:/synthetic_data/doc_305.pptx,.pptx,dave,Synthetic content for document 305 of type .pptx
C:/synthetic_data/doc_306.pptx,.pptx,bob,Synthetic content for document 306 of type .pptx
C:/synthetic_data/doc_307.pdf,.pdf,bob,Synthetic content for document 307 of type .pdf
C:/synthetic_data/doc_308.pdf,.pdf,alice,Synthetic content for document 308 of type .pdf
C:/synthetic_data/doc_309.docx,.docx,carol,Synthetic content for document 309 of type .docx
C:/synthetic_data/doc_310.docx,.docx,alice,Synthetic content for document 310 of type .docx
C:/synthetic_data/doc_311.pdf,.pdf,alice,Synthetic content for document 311 of type .pdf
C:/synthetic_data/doc_312.pdf,.pdf,dave,Synthetic content for document 312 of type .pdf
C:/synthetic_data/doc_313.pdf,.pdf,carol,Synthetic content for document 313 of type .pdf
C:/synthetic_data/doc_314.pdf,.pdf,carol,Synthetic content for document 314 of type .pdf
C:/synthetic_data/doc_315.pdf,.pdf,bob,Synthetic content for document 315 of type .pdf
C:/synthetic_data/doc_316.docx,.docx,alice,Synthetic content for document 316 of type .docx
C:/synthetic_data/doc_317.pdf,.pdf,carol,Synthetic content for document 317 of type .pdf
C:/synthetic_data/doc_318.docx,.docx,carol,Synthetic content for document 318 of type .docx
C:/synthetic_data/doc_319.docx,.docx,bob,Synthetic content for document 319 of type .docx
C:/synthetic_data/doc_320.pptx,.pptx,carol,Synthetic content for document 320 of type .pptx
C:/synthetic_data/doc_321.docx,.docx,alice,Synthetic content for document 321 of type .docx
C:/synthetic_data/doc_322.docx,.docx,bob,Synthetic content for document 322 of type .docx
C:/synthetic_data/doc_323.docx,.docx,carol,Synthetic content for document 323 of type .docx
C:/synthetic_data/doc_324.docx,.docx,alice,Synthetic content for document 324 of type .docx
C:/synthetic_data/doc_325.pdf,.pdf,alice,Synthetic content for document 325 of type .pdf
C:/synthetic_data/doc_326.pdf,.pdf,bob,Synthetic content for document 326 of type .pdf
C:/synthetic_data/doc_327.pdf,.pdf,bob,Synthetic content for document 327 of type .pdf
C:/synthetic_data/doc_328.docx,.docx,dave,Synthetic content for document 328 of type .docx
C:/synthetic_data/doc_329.pptx,.pptx,alice,Synthetic content for document 329 of type .pptx
C:/synthetic_data/doc_330.docx,.docx,alice,Synthetic content for document 330 of type .docx
C:/synthetic_data/doc_331.pdf,.pdf,alice,Synthetic content for document 331 of type .pdf
C:/synthetic_data/doc_332.docx,.docx,carol,Synthetic content for document 332 of type .docx
C:/synthetic_data/doc_333.docx,.docx,bob,Synthetic content for document 333 of type .docx
C:/synthetic_data/doc_334.docx,.docx,carol,Synthetic content for document 334 of type .docx
C:/synthetic_data/doc_335.docx,.docx,carol,Synthetic content for document 335 of type .docx
C:/synthetic_data/doc_336.pdf,.pdf,bob,Synthetic content for document 336 of type .pdf
C:/synthetic_data/doc_337.docx,.docx,dave,Synthetic content for document 337 of type .docx
C:/synthetic_data/doc_338.pdf,.pdf,alice,Synthetic content for document 338 of type .pdf
C:/synthetic_data/doc_339.docx,.docx,dave,Synthetic content for document 339 of type .docx
C:/synthetic_data/doc_340.pdf,.pdf,alice,Synthetic content for document 340 of type .pdf
C:/synthetic_data/doc_341.docx,.docx,bob,Synthetic content for document 341 of type .docx
C:/synthetic_data/doc_342.docx,.docx,bob,Synthetic content for document 342 of type .docx
C:/synthetic_data/doc_343.pdf,.pdf,dave,Synthetic content for document 343 of type .pdf
C:/synthetic_data/doc_344.docx,.docx,carol,Synthetic content for document 344 of type .docx
C:/synthetic_data/doc_345.docx,.docx,carol,Synthetic content for document 345 of type .docx
C:/synthetic_data/doc_346.docx,.docx,dave,Synthetic content for document 346 of type .docx
C:/synthetic_data/doc_347.pdf,.pdf,alice,Synthetic content for document 347 of type .pdf
C:/synthetic_data/doc_348.docx,.docx,bob,Synthetic content for document 348 of type .docx
C:/synthetic_data/doc_349.docx,.docx,dave,Synthetic content for document 349 of type .docx
C:/synthetic_data/doc_350.pptx,.pptx,carol,Synthetic content for document 350 of type .pptx
C:/synthetic_data/doc_351.docx,.docx,carol,Synthetic content for document 351 of type .docx
C:/synthetic_data/doc_352.pdf,.pdf,dave,Synthetic content for document 352 of type .pdf
C:/synthetic_data/doc_353.docx,.docx,carol,Synthetic content for document 353 of type .docx
C:/synthetic_data/doc_354.docx,.docx,dave,Synthetic content for document 354 of type .docx
C:/synthetic_data/doc_355.pptx,.pptx,alice,Synthetic content for document 355 of type .pptx
C:/synthetic_data/doc_356.docx,.docx,bob,Synthetic content for document 356 of type .docx
C:/synthetic_data/doc_357.pdf,.pdf,carol,Synthetic content for document 357 of type .pdf
C:/synthetic_data/doc_358.docx,.docx,dave,Synthetic content for document 358 of type .docx
C:/synthetic_data/doc_359.pdf,.pdf,dave,Synthetic content for document 359 of type .pdf
C:/synthetic_data/doc_360.pdf,.pdf,dave,Synthetic content for document 360 of type .pdf
C:/synthetic_data/doc_361.docx,.docx,alice,Synthetic content for document 361 of type .docx
C:/synthetic_data/doc_362.docx,.docx,carol,Synthetic content for document 362 of type .docx
C:/synthetic_data/doc_363.docx,.docx,carol,Synthetic content for document 363 of type .docx
C:/synthetic_data/doc_364.docx,.docx,carol,Synthetic content for document 364 of type .docx
C:/synthetic_data/doc_365.docx,.docx,bob,Synthetic content for document 365 of type .docx
C:/synthetic_data/doc_366.docx,.docx,dave,Synthetic content for document 366 of type .docx
C:/synthetic_data/doc_367.pdf,.pdf,alice,Synthetic content for document 367 of type .pdf
C:/synthetic_data/doc_368.docx,.docx,alice,Synthetic content for document 368 of type .docx
C:/synthetic_data/doc_369.pdf,.pdf,dave,Synthetic content for document 369 of type .pdf
C:/synthetic_data/doc_370.pdf,.pdf,dave,Synthetic content for document 370 of type .pdf
C:/synthetic_data/doc_371.pdf,.pdf,bob,Synthetic content for document 371 of type .pdf
C:/synthetic_data/doc_372.pdf,.pdf,carol,Synthetic content for document 372 of type .pdf
C:/synthetic_data/doc_373.pptx,.pptx,alice,Synthetic content for document 373 of type .pptx
C:/synthetic_data/doc_374.pptx,.pptx,carol,Synthetic content for document 374 of type .pptx
C:/synthetic_data/doc_375.docx,.docx,alice,Synthetic content for document 375 of type .docx
C:/synthetic_data/doc_376.pdf,.pdf,bob,Synthetic content for document 376 of type .pdf
C:/synthetic_data/doc_377.pdf,.pdf,dave,Synthetic content for document 377 of type .pdf
C:/synthetic_data/doc_378.pdf,.pdf,alice,Synthetic content for document 378 of type .pdf
C:/synthetic_data/doc_379.pptx,.pptx,bob,Synthetic content for document 379 of type .pptx
C:/synthetic_data/doc_380.pptx,.pptx,bob,Synthetic content for document 380 of type .pptx
C:/synthetic_data/doc_381.docx,.docx,alice,Synthetic content for document 381 of type .docx
C:/synthetic_data/doc_382.docx,.docx,alice,Synthetic content for document 382 of type .docx
C:/synthetic_data/doc_383.pdf,.pdf,bob,Synthetic content for document 383 of type .pdf
C:/synthetic_data/doc_384.docx,.docx,bob,Synthetic content for document 384 of type .docx
C:/synthetic_data/doc_385.docx,.docx,alice,Synthetic content for document 385 of type .docx
C:/synthetic_data/doc_386.pptx,.pptx,dave,Synthetic content for document 386 of type .pptx
C:/synthetic_data/doc_387.pdf,.pdf,alice,Synthetic content for document 387 of type .pdf
C:/synthetic_data/doc_388.pptx,.pptx,bob,Synthetic content for document 388 of type .pptx
C:/synthetic_data/doc_389.docx,.docx,bob,Synthetic content for document 389 of type .docx
C:/synthetic_data/doc_390.pdf,.pdf,bob,Synthetic content for document 390 of type .pdf
C:/synthetic_data/doc_391.docx,.docx,dave,Synthetic content for document 391 of type .docx
C:/synthetic_data/doc_392.docx,.docx,alice,Synthetic content for document 392 of type .docx
C:/synthetic_data/doc_393.docx,.docx,carol,Synthetic content for document 393 of type .docx
C:/synthetic_data/doc_394.pdf,.pdf,bob,Synthetic content for document 394 of type .pdf
C:/synthetic_data/doc_395.docx,.docx,carol,Synthetic content for document 395 of type .docx
C:/synthetic_data/doc_396.docx,.docx,alice,Synthetic content for document 396 of type .docx
C:/synthetic_data/doc_397.pdf,.pdf,dave,Synthetic content for document 397 of type .pdf
C:/synthetic_data/doc_398.pdf,.pdf,alice,Synthetic content for document 398 of type .pdf
C:/synthetic_data/doc_399.docx,.docx,carol,Synthetic content for document 399 of type .docx
C:/synthetic_data/doc_400.pdf,.pdf,dave,Synthetic content for document 400 of type .pdf
C:/synthetic_data/doc_401.pdf,.pdf,carol,Synthetic content for document 401 of type .pdf
C:/synthetic_data/doc_402.pdf,.pdf,dave,Synthetic content for document 402 of type .pdf
C:/synthetic_data/doc_403.docx,.docx,alice,Synthetic content for document 403 of type .docx
C:/synthetic_data/doc_404.docx,.docx,bob,Synthetic content for document 404 of type .docx
C:/synthetic_data/doc_405.pdf,.pdf,carol,Synthetic content for document 405 of type .pdf
C:/synthetic_data/doc_406.pptx,.pptx,bob,Synthetic content for document 406 of type .pptx
C:/synthetic_data/doc_407.docx,.docx,alice,Synthetic content for document 407 of type .docx
C:/synthetic_data/doc_408.docx,.docx,alice,Synthetic content for document 408 of type .docx
C:/synthetic_data/doc_409.pdf,.pdf,carol,Synthetic content for document 409 of type .pdf
C:/synthetic_data/doc_410.docx,.docx,dave,Synthetic content for document 410 of type .docx
C:/synthetic_data/doc_411.pdf,.pdf,dave,Synthetic content for document 411 of type .pdf
C:/synthetic_data/doc_412.pptx,.pptx,alice,Synthetic content for document 412 of type .pptx
C:/synthetic_data/doc_413.docx,.docx,bob,Synthetic content for document 413 of type .docx
C:/synthetic_data/doc_414.docx,.docx,carol,Synthetic content for document 414 of type .docx
C:/synthetic_data/doc_415.pptx,.pptx,alice,Synthetic content for document 415 of type .pptx
C:/synthetic_data/doc_416.docx,.docx,carol,Synthetic content for document 416 of type .docx
C:/synthetic_data/doc_417.pdf,.pdf,dave,Synthetic content for document 417 of type .pdf
C:/synthetic_data/doc_418.pdf,.pdf,alice,Synthetic content for document 418 of type .pdf
C:/synthetic_data/doc_419.docx,.docx,dave,Synthetic content for document 419 of type .docx
C:/synthetic_data/doc_420.docx,.docx,carol,Synthetic content for document 420 of type .docx
C:/synthetic_data/doc_421.pdf,.pdf,dave,Synthetic content for document 421 of type .pdf
C:/synthetic_data/doc_422.pdf,.pdf,dave,Synthetic content for document 422 of type .pdf
C:/synthetic_data/doc_423.docx,.docx,alice,Synthetic content for document 423 of type .docx
C:/synthetic_data/doc_424.pptx,.pptx,bob,Synthetic content for document 424 of type .pptx
C:/synthetic_data/doc_425.pdf,.pdf,dave,Synthetic content for document 425 of type .pdf
C:/synthetic_data/doc_426.docx,.docx,alice,Synthetic content for document 426 of type .docx
C:/synthetic_data/doc_427.docx,.docx,dave,Synthetic content for document 427 of type .docx
C:/synthetic_data/doc_428.pdf,.pdf,bob,Synthetic content for document 428 of type .pdf
C:/synthetic_data/doc_429.docx,.docx,carol,Synthetic content for document 429 of type .docx
C:/synthetic_data/doc_430.pdf,.pdf,alice,Synthetic content for document 430 of type .pdf
C:/synthetic_data/doc_431.pdf,.pdf,bob,Synthetic content for document 431 of type .pdf
C:/synthetic_data/doc_432.pptx,.pptx,alice,Synthetic content for document 432 of type .pptx
C:/synthetic_data/doc_433.pdf,.pdf,bob,Synthetic content for document 433 of type .pdf
C:/synthetic_data/doc_434.pdf,.pdf,dave,Synthetic content for document 434 of type .pdf
C:/synthetic_data/doc_435.docx,.docx,bob,Synthetic content for document 435 of type .docx
C:/synthetic_data/doc_436.pdf,.pdf,bob,Synthetic content for document 436 of type .pdf
C:/synthetic_data/doc_437.docx,.docx,alice,Synthetic content for document 437 of type .docx
C:/synthetic_data/doc_438.docx,.docx,bob,Synthetic content for document 438 of type .docx
C:/synthetic_data/doc_439.pdf,.pdf,alice,Synthetic content for document 439 of type .pdf
C:/synthetic_data/doc_440.pdf,.pdf,dave,Synthetic content for document 440 of type .pdf
C:/synthetic_data/doc_441.pdf,.pdf,carol,Synthetic content for document 441 of type .pdf
C:/synthetic_data/doc_442.pdf,.pdf,carol,Synthetic content for document 442 of type .pdf
C:/synthetic_data/doc_443.docx,.docx,carol,Synthetic content for document 443 of type .docx
C:/synthetic_data/doc_444.pdf,.pdf,bob,Synthetic content for document 444 of type .pdf
C:/synthetic_data/doc_445.pptx,.pptx,bob,Synthetic content for document 445 of type .pptx
C:/synthetic_data/doc_446.pptx,.pptx,bob,Synthetic content for document 446 of type .pptx
C:/synthetic_data/doc_447.pdf,.pdf,bob,Synthetic content for document 447 of type .pdf
C:/synthetic_data/doc_448.docx,.docx,dave,Synthetic content for document 448 of type .docx
C:/synthetic_data/doc_449.docx,.docx,bob,Synthetic content for document 449 of type .docx
C:/synthetic_data/doc_450.pdf,.pdf,bob,Synthetic content for document 450 of type .pdf
C:/synthetic_data/doc_451.pdf,.pdf,dave,Synthetic content for document 451 of type .pdf
C:/synthetic_data/doc_452.pdf,.pdf,carol,Synthetic content for document 452 of type .pdf
C:/synthetic_data/doc_453.docx,.docx,dave,Synthetic content for document 453 of type .docx
C:/synthetic_data/doc_454.docx,.docx,carol,Synthetic content for document 454 of type .docx
C:/synthetic_data/doc_455.docx,.docx,alice,Synthetic content for document 455 of type .docx
C:/synthetic_data/doc_456.pptx,.pptx,alice,Synthetic content for document 456 of type .pptx
C:/synthetic_data/doc_457.docx,.docx,dave,Synthetic content for document 457 of type .docx
C:/synthetic_data/doc_458.pdf,.pdf,alice,Synthetic content for document 458 of type .pdf
C:/synthetic_data/doc_459.docx,.docx,bob,Synthetic content for document 459 of type .docx
C:/synthetic_data/doc_460.docx,.docx,alice,Synthetic content for document 460 of type .docx
C:/synthetic_data/doc_461.docx,.docx,bob,Synthetic content for document 461 of type .docx
C:/synthetic_data/doc_462.pdf,.pdf,carol,Synthetic content for document 462 of type .pdf
C:/synthetic_data/doc_463.pdf,.pdf,alice,Synthetic content for document 463 of type .pdf
C:/synthetic_data/doc_464.docx,.docx,alice,Synthetic content for document 464 of type .docx
C:/synthetic_data/doc_465.docx,.docx,carol,Synthetic content for document 465 of type .docx
C:/synthetic_data/doc_466.docx,.docx,dave,Synthetic content for document 466 of type .docx
C:/synthetic_data/doc_467.docx,.docx,bob,Synthetic content for document 467 of type .docx
C:/synthetic_data/doc_468.docx,.docx,carol,Synthetic content for document 468 of type .docx
C:/synthetic_data/doc_469.pdf,.pdf,alice,Synthetic content for document 469 of type .pdf
C:/synthetic_data/doc_470.pptx,.pptx,dave,Synthetic content for document 470 of type .pptx
C:/synthetic_data/doc_471.docx,.docx,carol,Synthetic content for document 471 of type .docx
C:/synthetic_data/doc_472.pptx,.pptx,bob,Synthetic content for document 472 of type .pptx
C:/synthetic_data/doc_473.docx,.docx,dave,Synthetic content for document 473 of type .docx
C:/synthetic_data/doc_474.pdf,.pdf,bob,Synthetic content for document 474 of type .pdf
C:/synthetic_data/doc_475.pdf,.pdf,bob,Synthetic content for document 475 of type .pdf
C:/synthetic_data/doc_476.pptx,.pptx,alice,Synthetic content for document 476 of type .pptx
C:/synthetic_data/doc_477.docx,.docx,alice,Synthetic content for document 477 of type .docx
C:/synthetic_data/doc_478.docx,.docx,alice,Synthetic content for document 478 of type .docx
C:/synthetic_data/doc_479.pdf,.pdf,alice,Synthetic content for document 479 of type .pdf
C:/synthetic_data/doc_480.pdf,.pdf,alice,Synthetic content for document 480 of type .pdf
C:/synthetic_data/doc_481.docx,.docx,carol,Synthetic content for document 481 of type .docx
C:/synthetic_data/doc_482.docx,.docx,carol,Synthetic content for document 482 of type .docx
C:/synthetic_data/doc_483.pptx,.pptx,alice,Synthetic content for document 483 of type .pptx
C:/synthetic_data/doc_484.pdf,.pdf,carol,Synthetic content for document 484 of type .pdf
C:/synthetic_data/doc_485.pdf,.pdf,bob,Synthetic content for document 485 of type .pdf
C:/synthetic_data/doc_486.docx,.docx,carol,Synthetic content for document 486 of type .docx
C:/synthetic_data/doc_487.docx,.docx,alice,Synthetic content for document 487 of type .docx
C:/synthetic_data/doc_488.pdf,.pdf,dave,Synthetic content for document 488 of type .pdf
C:/synthetic_data/doc_489.pdf,.pdf,dave,Synthetic content for document 489 of type .pdf
C:/synthetic_data/doc_490.docx,.docx,dave,Synthetic content for document 490 of type .docx
C:/synthetic_data/doc_491.docx,.docx,alice,Synthetic content for document 491 of type .docx
C:/synthetic_data/doc_492.docx,.docx,bob,Synthetic content for document 492 of type .docx
C:/synthetic_data/doc_493.pptx,.pptx,carol,Synthetic content for document 493 of type .pptx
C:/synthetic_data/doc_494.docx,.docx,bob,Synthetic content for document 494 of type .docx
C:/synthetic_data/doc_495.pdf,.pdf,bob,Synthetic content for document 495 of type .pdf
C:/synthetic_data/doc_496.docx,.docx,bob,Synthetic content for document 496 of type .docx
C:/synthetic_data/doc_497.docx,.docx,bob,Synthetic content for document 497 of type .docx
C:/synthetic_data/doc_498.docx,.docx,dave,Synthetic content for document 498 of type .docx
C:/synthetic_data/doc_499.pdf,.pdf,dave,Synthetic content for document 499 of type .pdf
C:/synthetic_data/doc_500.pdf,.pdf,carol,Synthetic content for document 500 of type .pdf
C:/synthetic_data/doc_501.docx,.docx,dave,Synthetic content for document 501 of type .docx
C:/synthetic_data/doc_502.pdf,.pdf,alice,Synthetic content for document 502 of type .pdf
C:/synthetic_data/doc_503.pdf,.pdf,carol,Synthetic content for document 503 of type .pdf
C:/synthetic_data/doc_504.docx,.docx,carol,Synthetic content for document 504 of type .docx
C:/synthetic_data/doc_505.docx,.docx,dave,Synthetic content for document 505 of type .docx
C:/synthetic_data/doc_506.pdf,.pdf,dave,Synthetic content for document 506 of type .pdf
C:/synthetic_data/doc_507.pdf,.pdf,bob,Synthetic content for document 507 of type .pdf
C:/synthetic_data/doc_508.docx,.docx,bob,Synthetic content for document 508 of type .docx
C:/synthetic_data/doc_509.pdf,.pdf,dave,Synthetic content for document 509 of type .pdf
C:/synthetic_data/doc_510.docx,.docx,dave,Synthetic content for document 510 of type .docx
C:/synthetic_data/doc_511.docx,.docx,alice,Synthetic content for document 511 of type .docx
C:/synthetic_data/doc_512.pdf,.pdf,carol,Synthetic content for document 512 of type .pdf
C:/synthetic_data/doc_513.docx,.docx,bob,Synthetic content for document 513 of type .docx
C:/synthetic_data/doc_514.pdf,.pdf,bob,Synthetic content for document 514 of type .pdf
C:/synthetic_data/doc_515.docx,.docx,carol,Synthetic content for document 515 of type .docx
C:/synthetic_data/doc_516.pdf,.pdf,alice,Synthetic content for document 516 of type .pdf
C:/synthetic_data/doc_517.pptx,.pptx,alice,Synthetic content for document 517 of type .pptx
C:/synthetic_data/doc_518.pdf,.pdf,dave,Synthetic content for document 518 of type .pdf
C:/synthetic_data/doc_519.pdf,.pdf,carol,Synthetic content for document 519 of type .pdf
C:/synthetic_data/doc_520.docx,.docx,dave,Synthetic content for document 520 of type .docx
C:/synthetic_data/doc_521.docx,.docx,alice,Synthetic content for document 521 of type .docx
C:/synthetic_data/doc_522.pptx,.pptx,alice,Synthetic content for document 522 of type .pptx
C:/synthetic_data/doc_523.docx,.docx,bob,Synthetic content for document 523 of type .docx
C:/synthetic_data/doc_524.pdf,.pdf,dave,Synthetic content for document 524 of type .pdf
C:/synthetic_data/doc_525.docx,.docx,carol,Synthetic content for document 525 of type .docx
C:/synthetic_data/doc_526.pdf,.pdf,bob,Synthetic content for document 526 of type .pdf
C:/synthetic_data/doc_527.docx,.docx,carol,Synthetic content for document 527 of type .docx
C:/synthetic_data/doc_528.docx,.docx,dave,Synthetic content for document 528 of type .docx
C:/synthetic_data/doc_529.docx,.docx,bob,Synthetic content for document 529 of type .docx
C:/synthetic_data/doc_530.pdf,.pdf,bob,Synthetic content for document 530 of type .pdf
C:/synthetic_data/doc_531.pdf,.pdf,bob,Synthetic content for document 531 of type .pdf
C:/synthetic_data/doc_532.docx,.docx,alice,Synthetic content for document 532 of type .docx
C:/synthetic_data/doc_533.docx,.docx,bob,Synthetic content for document 533 of type .docx
C:/synthetic_data/doc_534.pptx,.pptx,dave,Synthetic content for document 534 of type .pptx
C:/synthetic_data/doc_535.pdf,.pdf,alice,Synthetic content for document 535 of type .pdf
C:/synthetic_data/doc_536.docx,.docx,carol,Synthetic content for document 536 of type .docx
C:/synthetic_data/doc_537.pdf,.pdf,alice,Synthetic content for document 537 of type .pdf
C:/synthetic_data/doc_538.pdf,.pdf,carol,Synthetic content for document 538 of type .pdf
C:/synthetic_data/doc_539.pdf,.pdf,bob,Synthetic content for document 539 of type .pdf
C:/synthetic_data/doc_540.pdf,.pdf,dave,Synthetic content for document 540 of type .pdf
C:/synthetic_data/doc_541.docx,.docx,alice,Synthetic content for document 541 of type .docx
C:/synthetic_data/doc_542.docx,.docx,dave,Synthetic content for document 542 of type .docx
C:/synthetic_data/doc_543.pdf,.pdf,carol,Synthetic content for document 543 of type .pdf
C:/synthetic_data/doc_544.pptx,.pptx,carol,Synthetic content for document 544 of type .pptx
C:/synthetic_data/doc_545.pdf,.pdf,dave,Synthetic content for document 545 of type .pdf
C:/synthetic_data/doc_546.docx,.docx,alice,Synthetic content for document 546 of type .docx
C:/synthetic_data/doc_547.docx,.docx,dave,Synthetic content for document 547 of type .docx
C:/synthetic_data/doc_548.pdf,.pdf,dave,Synthetic content for document 548 of type .pdf
C:/synthetic_data/doc_549.pptx,.pptx,bob,Synthetic content for document 549 of type .pptx
C:/synthetic_data/doc_550.docx,.docx,bob,Synthetic content for document 550 of type .docx
C:/synthetic_data/doc_551.pdf,.pdf,dave,Synthetic content for document 551 of type .pdf
C:/synthetic_data/doc_552.docx,.docx,carol,Synthetic content for document 552 of type .docx
C:/synthetic_data/doc_553.docx,.docx,alice,Synthetic content for document 553 of type .docx
C:/synthetic_data/doc_554.docx,.docx,carol,Synthetic content for document 554 of type .docx
C:/synthetic_data/doc_555.docx,.docx,dave,Synthetic content for document 555 of type .docx
C:/synthetic_data/doc_556.pdf,.pdf,bob,Synthetic content for document 556 of type .pdf
C:/synthetic_data/doc_557.docx,.docx,alice,Synthetic content for document 557 of type .docx
C:/synthetic_data/doc_558.pdf,.pdf,dave,Synthetic content for document 558 of type .pdf
C:/synthetic_data/doc_559.pdf,.pdf,alice,Synthetic content for document 559 of type .pdf
C:/synthetic_data/doc_560.pdf,.pdf,carol,Synthetic content for document 560 of type .pdf
C:/synthetic_data/doc_561.docx,.docx,alice,Synthetic content for document 561 of type .docx
C:/synthetic_data/doc_562.pdf,.pdf,carol,Synthetic content for document 562 of type .pdf
C:/synthetic_data/doc_563.docx,.docx,bob,Synthetic content for document 563 of type .docx
C:/synthetic_data/doc_564.docx,.docx,dave,Synthetic content for document 564 of type .docx
C:/synthetic_data/doc_565.docx,.docx,alice,Synthetic content for document 565 of type .docx
C:/synthetic_data/doc_566.docx,.docx,dave,Synthetic content for document 566 of type .docx
C:/synthetic_data/doc_567.pdf,.pdf,bob,Synthetic content for document 567 of type .pdf
C:/synthetic_data/doc_568.docx,.docx,carol,Synthetic content for document 568 of type .docx
C:/synthetic_data/doc_569.pdf,.pdf,dave,Synthetic content for document 569 of type .pdf
C:/synthetic_data/doc_570.docx,.docx,alice,Synthetic content for document 570 of type .docx
C:/synthetic_data/doc_571.docx,.docx,carol,Synthetic content for document 571 of type .docx
C:/synthetic_data/doc_572.docx,.docx,carol,Synthetic content for document 572 of type .docx
C:/synthetic_data/doc_573.docx,.docx,carol,Synthetic content for document 573 of type .docx
C:/synthetic_data/doc_574.docx,.docx,alice,Synthetic content for document 574 of type .docx
C:/synthetic_data/doc_575.pptx,.pptx,carol,Synthetic content for document 575 of type .pptx
C:/synthetic_data/doc_576.pdf,.pdf,carol,Synthetic content for document 576 of type .pdf
C:/synthetic_data/doc_577.pptx,.pptx,alice,Synthetic content for document 577 of type .pptx
C:/synthetic_data/doc_578.pptx,.pptx,dave,Synthetic content for document 578 of type .pptx
C:/synthetic_data/doc_579.docx,.docx,dave,Synthetic content for document 579 of type .docx
C:/synthetic_data/doc_580.pdf,.pdf,dave,Synthetic content for document 580 of type .pdf
C:/synthetic_data/doc_581.pdf,.pdf,carol,Synthetic content for document 581 of type .pdf
C:/synthetic_data/doc_582.docx,.docx,carol,Synthetic content for document 582 of type .docx
C:/synthetic_data/doc_583.docx,.docx,carol,Synthetic content for document 583 of type .docx
C:/synthetic_data/doc_584.docx,.docx,dave,Synthetic content for document 584 of type .docx
C:/synthetic_data/doc_585.docx,.docx,alice,Synthetic content for document 585 of type .docx
C:/synthetic_data/doc_586.pptx,.pptx,dave,Synthetic content for document 586 of type .pptx
C:/synthetic_data/doc_587.pptx,.pptx,dave,Synthetic content for document 587 of type .pptx
C:/synthetic_data/doc_588.docx,.docx,bob,Synthetic content for document 588 of type .docx
C:/synthetic_data/doc_589.docx,.docx,bob,Synthetic content for document 589 of type .docx
C:/synthetic_data/doc_590.pdf,.pdf,alice,Synthetic content for document 590 of type .pdf
C:/synthetic_data/doc_591.pdf,.pdf,alice,Synthetic content for document 591 of type .pdf
C:/synthetic_data/doc_592.docx,.docx,carol,Synthetic content for document 592 of type .docx
C:/synthetic_data/doc_593.docx,.docx,alice,Synthetic content for document 593 of type .docx
C:/synthetic_data/doc_594.docx,.docx,dave,Synthetic content for document 594 of type .docx
C:/synthetic_data/doc_595.docx,.docx,bob,Synthetic content for document 595 of type .docx
C:/synthetic_data/doc_596.pptx,.pptx,alice,Synthetic content for document 596 of type .pptx
C:/synthetic_data/doc_597.pdf,.pdf,dave,Synthetic content for document 597 of type .pdf
C:/synthetic_data/doc_598.pdf,.pdf,alice,Synthetic content for document 598 of type .pdf
C:/synthetic_data/doc_599.docx,.docx,bob,Synthetic content for document 599 of type .docx
C:/synthetic_data/doc_600.pdf,.pdf,dave,Synthetic content for document 600 of type .pdf
C:/synthetic_data/doc_601.pdf,.pdf,alice,Synthetic content for document 601 of type .pdf
C:/synthetic_data/doc_602.pdf,.pdf,carol,Synthetic content for document 602 of type .pdf
C:/synthetic_data/doc_603.docx,.docx,carol,Synthetic content for document 603 of type .docx
C:/synthetic_data/doc_604.docx,.docx,bob,Synthetic content for document 604 of type .docx
C:/synthetic_data/doc_605.pdf,.pdf,carol,Synthetic content for document 605 of type .pdf
C:/synthetic_data/doc_606.pdf,.pdf,alice,Synthetic content for document 606 of type .pdf
C:/synthetic_data/doc_607.docx,.docx,alice,Synthetic content for document 607 of type .docx
C:/synthetic_data/doc_608.pdf,.pdf,alice,Synthetic content for document 608 of type .pdf
C:/synthetic_data/doc_609.docx,.docx,alice,Synthetic content for document 609 of type .docx
C:/synthetic_data/doc_610.pdf,.pdf,carol,Synthetic content for document 610 of type .pdf
C:/synthetic_data/doc_611.docx,.docx,bob,Synthetic content for document 611 of type .docx
C:/synthetic_data/doc_612.docx,.docx,dave,Synthetic content for document 612 of type .docx
C:/synthetic_data/doc_613.docx,.docx,dave,Synthetic content for document 613 of type .docx
C:/synthetic_data/doc_614.docx,.docx,dave,Synthetic content for document 614 of type .docx
C:/synthetic_data/doc_615.docx,.docx,alice,Synthetic content for document 615 of type .docx
C:/synthetic_data/doc_616.pdf,.pdf,alice,Synthetic content for document 616 of type .pdf
C:/synthetic_data/doc_617.pdf,.pdf,bob,Synthetic content for document 617 of type .pdf
C:/synthetic_data/doc_618.docx,.docx,carol,Synthetic content for document 618 of type .docx
C:/synthetic_data/doc_619.pdf,.pdf,carol,Synthetic content for document 619 of type .pdf
C:/synthetic_data/doc_620.docx,.docx,carol,Synthetic content for document 620 of type .docx
C:/synthetic_data/doc_621.docx,.docx,carol,Synthetic content for document 621 of type .docx
C:/synthetic_data/doc_622.docx,.docx,carol,Synthetic content for document 622 of type .docx
C:/synthetic_data/doc_623.pdf,.pdf,carol,Synthetic content for document 623 of type .pdf
C:/synthetic_data/doc_624.docx,.docx,carol,Synthetic content for document 624 of type .docx
C:/synthetic_data/doc_625.pdf,.pdf,dave,Synthetic content for document 625 of type .pdf
C:/synthetic_data/doc_626.docx,.docx,bob,Synthetic content for document 626 of type .docx
C:/synthetic_data/doc_627.pdf,.pdf,dave,Synthetic content for document 627 of type .pdf
C:/synthetic_data/doc_628.pptx,.pptx,alice,Synthetic content for document 628 of type .pptx
C:/synthetic_data/doc_629.docx,.docx,bob,Synthetic content for document 629 of type .docx
C:/synthetic_data/doc_630.pdf,.pdf,dave,Synthetic content for document 630 of type .pdf
C:/synthetic_data/doc_631.docx,.docx,dave,Synthetic content for document 631 of type .docx
C:/synthetic_data/doc_632.pptx,.pptx,bob,Synthetic content for document 632 of type .pptx
C:/synthetic_data/doc_633.pdf,.pdf,dave,Synthetic content for document 633 of type .pdf
C:/synthetic_data/doc_634.pdf,.pdf,dave,Synthetic content for document 634 of type .pdf
C:/synthetic_data/doc_635.docx,.docx,carol,Synthetic content for document 635 of type .docx
C:/synthetic_data/doc_636.pdf,.pdf,alice,Synthetic content for document 636 of type .pdf
C:/synthetic_data/doc_637.docx,.docx,alice,Synthetic content for document 637 of type .docx
C:/synthetic_data/doc_638.pdf,.pdf,alice,Synthetic content for document 638 of type .pdf
C:/synthetic_data/doc_639.pdf,.pdf,dave,Synthetic content for document 639 of type .pdf
C:/synthetic_data/doc_640.pdf,.pdf,bob,Synthetic content for document 640 of type .pdf
C:/synthetic_data/doc_641.pdf,.pdf,bob,Synthetic content for document 641 of type .pdf
C:/synthetic_data/doc_642.pdf,.pdf,bob,Synthetic content for document 642 of type .pdf
C:/synthetic_data/doc_643.docx,.docx,dave,Synthetic content for document 643 of type .docx
C:/synthetic_data/doc_644.pptx,.pptx,dave,Synthetic content for document 644 of type .pptx
C:/synthetic_data/doc_645.pptx,.pptx,bob,Synthetic content for document 645 of type .pptx
C:/synthetic_data/doc_646.pdf,.pdf,alice,Synthetic content for document 646 of type .pdf
C:/synthetic_data/doc_647.pdf,.pdf,bob,Synthetic content for document 647 of type .pdf
C:/synthetic_data/doc_648.pdf,.pdf,carol,Synthetic content for document 648 of type .pdf
C:/synthetic_data/doc_649.docx,.docx,alice,Synthetic content for document 649 of type .docx
C:/synthetic_data/doc_650.pdf,.pdf,dave,Synthetic content for document 650 of type .pdf
C:/synthetic_data/doc_651.docx,.docx,dave,Synthetic content for document 651 of type .docx
C:/synthetic_data/doc_652.docx,.docx,bob,Synthetic content for document 652 of type .docx
C:/synthetic_data/doc_653.docx,.docx,carol,Synthetic content for document 653 of type .docx
C:/synthetic_data/doc_654.docx,.docx,bob,Synthetic content for document 654 of type .docx
C:/synthetic_data/doc_655.docx,.docx,bob,Synthetic content for document 655 of type .docx
C:/synthetic_data/doc_656.docx,.docx,bob,Synthetic content for document 656 of type .docx
C:/synthetic_data/doc_657.pptx,.pptx,alice,Synthetic content for document 657 of type .pptx
C:/synthetic_data/doc_658.pdf,.pdf,alice,Synthetic content for document 658 of type .pdf
C:/synthetic_data/doc_659.pdf,.pdf,bob,Synthetic content for document 659 of type .pdf
C:/synthetic_data/doc_660.pdf,.pdf,dave,Synthetic content for document 660 of type .pdf
C:/synthetic_data/doc_661.docx,.docx,bob,Synthetic content for document 661 of type .docx
C:/synthetic_data/doc_662.pptx,.pptx,bob,Synthetic content for document 662 of type .pptx
C:/synthetic_data/doc_663.docx,.docx,carol,Synthetic content for document 663 of type .docx
C:/synthetic_data/doc_664.docx,.docx,dave,Synthetic content for document 664 of type .docx
C:/synthetic_data/doc_665.docx,.docx,carol,Synthetic content for document 665 of type .docx
C:/synthetic_data/doc_666.docx,.docx,bob,Synthetic content for document 666 of type .docx
C:/synthetic_data/doc_667.docx,.docx,alice,Synthetic content for document 667 of type .docx
C:/synthetic_data/doc_668.docx,.docx,carol,Synthetic content for document 668 of type .docx
C:/synthetic_data/doc_669.pdf,.pdf,carol,Synthetic content for document 669 of type .pdf
C:/synthetic_data/doc_670.pdf,.pdf,alice,Synthetic content for document 670 of type .pdf
C:/synthetic_data/doc_671.docx,.docx,carol,Synthetic content for document 671 of type .docx
C:/synthetic_data/doc_672.pptx,.pptx,bob,Synthetic content for document 672 of type .pptx
C:/synthetic_data/doc_673.docx,.docx,alice,Synthetic content for document 673 of type .docx
C:/synthetic_data/doc_674.docx,.docx,alice,Synthetic content for document 674 of type .docx
C:/synthetic_data/doc_675.docx,.docx,alice,Synthetic content for document 675 of type .docx
C:/synthetic_data/doc_676.docx,.docx,alice,Synthetic content for document 676 of type .docx
C:/synthetic_data/doc_677.pdf,.pdf,bob,Synthetic content for document 677 of type .pdf
C:/synthetic_data/doc_678.docx,.docx,carol,Synthetic content for document 678 of type .docx
C:/synthetic_data/doc_679.pdf,.pdf,alice,Synthetic content for document 679 of type .pdf
C:/synthetic_data/doc_680.docx,.docx,dave,Synthetic content for document 680 of type .docx
C:/synthetic_data/doc_681.docx,.docx,bob,Synthetic content for document 681 of type .docx
C:/synthetic_data/doc_682.docx,.docx,bob,Synthetic content for document 682 of type .docx
C:/synthetic_data/doc_683.docx,.docx,dave,Synthetic content for document 683 of type .docx
C:/synthetic_data/doc_684.pdf,.pdf,carol,Synthetic content for document 684 of type .pdf
C:/synthetic_data/doc_685.docx,.docx,carol,Synthetic content for document 685 of type .docx
C:/synthetic_data/doc_686.docx,.docx,alice,Synthetic content for document 686 of type .docx
C:/synthetic_data/doc_687.pdf,.pdf,alice,Synthetic content for document 687 of type .pdf
C:/synthetic_data/doc_688.docx,.docx,alice,Synthetic content for document 688 of type .docx
C:/synthetic_data/doc_689.pdf,.pdf,bob,Synthetic content for document 689 of type .pdf
C:/synthetic_data/doc_690.pdf,.pdf,dave,Synthetic content for document 690 of type .pdf
C:/synthetic_data/doc_691.pdf,.pdf,dave,Synthetic content for document 691 of type .pdf
C:/synthetic_data/doc_692.pdf,.pdf,dave,Synthetic content for document 692 of type .pdf
C:/synthetic_data/doc_693.pdf,.pdf,carol,Synthetic content for document 693 of type .pdf
C:/synthetic_data/doc_694.docx,.docx,dave,Synthetic content for document 694 of type .docx
C:/synthetic_data/doc_695.docx,.docx,bob,Synthetic content for document 695 of type .docx
C:/synthetic_data/doc_696.docx,.docx,carol,Synthetic content for document 696 of type .docx
C:/synthetic_data/doc_697.docx,.docx,carol,Synthetic content for document 697 of type .docx
C:/synthetic_data/doc_698.docx,.docx,alice,Synthetic content for document 698 of type .docx
C:/synthetic_data/doc_699.pdf,.pdf,alice,Synthetic content for document 699 of type .pdf
C:/synthetic_data/doc_700.pdf,.pdf,bob,Synthetic content for document 700 of type .pdf
C:/synthetic_data/doc_701.docx,.docx,dave,Synthetic content for document 701 of type .docx
C:/synthetic_data/doc_702.docx,.docx,alice,Synthetic content for document 702 of type .docx
C:/synthetic_data/doc_703.docx,.docx,bob,Synthetic content for document 703 of type .docx
C:/synthetic_data/doc_704.docx,.docx,alice,Synthetic content for document 704 of type .docx
C:/synthetic_data/doc_705.pdf,.pdf,alice,Synthetic content for document 705 of type .pdf
C:/synthetic_data/doc_706.docx,.docx,alice,Synthetic content for document 706 of type .docx
C:/synthetic_data/doc_707.pptx,.pptx,dave,Synthetic content for document 707 of type .pptx
C:/synthetic_data/doc_708.pdf,.pdf,carol,Synthetic content for document 708 of type .pdf
C:/synthetic_data/doc_709.pdf,.pdf,dave,Synthetic content for document 709 of type .pdf
C:/synthetic_data/doc_710.pptx,.pptx,carol,Synthetic content for document 710 of type .pptx
C:/synthetic_data/doc_711.pptx,.pptx,carol,Synthetic content for document 711 of type .pptx
C:/synthetic_data/doc_712.docx,.docx,carol,Synthetic content for document 712 of type .docx
C:/synthetic_data/doc_713.docx,.docx,alice,Synthetic content for document 713 of type .docx
C:/synthetic_data/doc_714.docx,.docx,alice,Synthetic content for document 714 of type .docx
C:/synthetic_data/doc_715.docx,.docx,alice,Synthetic content for document 715 of type .docx
C:/synthetic_data/doc_716.pdf,.pdf,bob,Synthetic content for document 716 of type .pdf
C:/synthetic_data/doc_717.pdf,.pdf,dave,Synthetic content for document 717 of type .pdf
C:/synthetic_data/doc_718.docx,.docx,dave,Synthetic content for document 718 of type .docx
C:/synthetic_data/doc_719.docx,.docx,carol,Synthetic content for document 719 of type .docx
C:/synthetic_data/doc_720.docx,.docx,carol,Synthetic content for document 720 of type .docx
C:/synthetic_data/doc_721.pdf,.pdf,carol,Synthetic content for document 721 of type .pdf
C:/synthetic_data/doc_722.docx,.docx,bob,Synthetic content for document 722 of type .docx
C:/synthetic_data/doc_723.pdf,.pdf,bob,Synthetic content for document 723 of type .pdf
C:/synthetic_data/doc_724.pdf,.pdf,dave,Synthetic content for document 724 of type .pdf
C:/synthetic_data/doc_725.docx,.docx,bob,Synthetic content for document 725 of type .docx
C:/synthetic_data/doc_726.docx,.docx,bob,Synthetic content for document 726 of type .docx
C:/synthetic_data/doc_727.pdf,.pdf,dave,Synthetic content for document 727 of type .pdf
C:/synthetic_data/doc_728.pptx,.pptx,alice,Synthetic content for document 728 of type .pptx
C:/synthetic_data/doc_729.pptx,.pptx,alice,Synthetic content for document 729 of type .pptx
C:/synthetic_data/doc_730.pptx,.pptx,bob,Synthetic content for document 730 of type .pptx
C:/synthetic_data/doc_731.pdf,.pdf,bob,Synthetic content for document 731 of type .pdf
C:/synthetic_data/doc_732.pdf,.pdf,carol,Synthetic content for document 732 of type .pdf
C:/synthetic_data/doc_733.docx,.docx,carol,Synthetic content for document 733 of type .docx
C:/synthetic_data/doc_734.pdf,.pdf,dave,Synthetic content for document 734 of type .pdf
C:/synthetic_data/doc_735.pptx,.pptx,carol,Synthetic content for document 735 of type .pptx
C:/synthetic_data/doc_736.docx,.docx,bob,Synthetic content for document 736 of type .docx
C:/synthetic_data/doc_737.docx,.docx,dave,Synthetic content for document 737 of type .docx
C:/synthetic_data/doc_738.pdf,.pdf,dave,Synthetic content for document 738 of type .pdf
C:/synthetic_data/doc_739.pdf,.pdf,carol,Synthetic content for document 739 of type .pdf
C:/synthetic_data/doc_740.pdf,.pdf,dave,Synthetic content for document 740 of type .pdf
C:/synthetic_data/doc_741.docx,.docx,alice,Synthetic content for document 741 of type .docx
C:/synthetic_data/doc_742.pdf,.pdf,bob,Synthetic content for document 742 of type .pdf
C:/synthetic_data/doc_743.docx,.docx,alice,Synthetic content for document 743 of type .docx
C:/synthetic_data/doc_744.docx,.docx,carol,Synthetic content for document 744 of type .docx
C:/synthetic_data/doc_745.docx,.docx,bob,Synthetic content for document 745 of type .docx
C:/synthetic_data/doc_746.pdf,.pdf,alice,Synthetic content for document 746 of type .pdf
C:/synthetic_data/doc_747.pptx,.pptx,bob,Synthetic content for document 747 of type .pptx
C:/synthetic_data/doc_748.docx,.docx,dave,Synthetic content for document 748 of type .docx
C:/synthetic_data/doc_749.pptx,.pptx,bob,Synthetic content for document 749 of type .pptx
C:/synthetic_data/doc_750.docx,.docx,alice,Synthetic content for document 750 of type .docx
C:/synthetic_data/doc_751.docx,.docx,alice,Synthetic content for document 751 of type .docx
C:/synthetic_data/doc_752.docx,.docx,dave,Synthetic content for document 752 of type .docx
C:/synthetic_data/doc_753.pptx,.pptx,alice,Synthetic content for document 753 of type .pptx
C:/synthetic_data/doc_754.docx,.docx,dave,Synthetic content for document 754 of type .docx
C:/synthetic_data/doc_755.pdf,.pdf,dave,Synthetic content for document 755 of type .pdf
C:/synthetic_data/doc_756.pptx,.pptx,dave,Synthetic content for document 756 of type .pptx
C:/synthetic_data/doc_757.pdf,.pdf,carol,Synthetic content for document 757 of type .pdf
C:/synthetic_data/doc_758.pdf,.pdf,alice,Synthetic content for document 758 of type .pdf
C:/synthetic_data/doc_759.docx,.docx,bob,Synthetic content for document 759 of type .docx
C:/synthetic_data/doc_760.pdf,.pdf,bob,Synthetic content for document 760 of type .pdf
C:/synthetic_data/doc_761.pdf,.pdf,alice,Synthetic content for document 761 of type .pdf
C:/synthetic_data/doc_762.pptx,.pptx,carol,Synthetic content for document 762 of type .pptx
C:/synthetic_data/doc_763.pdf,.pdf,dave,Synthetic content for document 763 of type .pdf
C:/synthetic_data/doc_764.docx,.docx,carol,Synthetic content for document 764 of type .docx
C:/synthetic_data/doc_765.pdf,.pdf,bob,Synthetic content for document 765 of type .pdf
C:/synthetic_data/doc_766.docx,.docx,alice,Synthetic content for document 766 of type .docx
C:/synthetic_data/doc_767.pptx,.pptx,alice,Synthetic content for document 767 of type .pptx
C:/synthetic_data/doc_768.pdf,.pdf,dave,Synthetic content for document 768 of type .pdf
C:/synthetic_data/doc_769.pdf,.pdf,carol,Synthetic content for document 769 of type .pdf
C:/synthetic_data/doc_770.pdf,.pdf,bob,Synthetic content for document 770 of type .pdf
C:/synthetic_data/doc_771.docx,.docx,carol,Synthetic content for document 771 of type .docx
C:/synthetic_data/doc_772.pptx,.pptx,alice,Synthetic content for document 772 of type .pptx
C:/synthetic_data/doc_773.docx,.docx,dave,Synthetic content for document 773 of type .docx
C:/synthetic_data/doc_774.docx,.docx,bob,Synthetic content for document 774 of type .docx
C:/synthetic_data/doc_775.docx,.docx,dave,Synthetic content for document 775 of type .docx
C:/synthetic_data/doc_776.pdf,.pdf,carol,Synthetic content for document 776 of type .pdf
C:/synthetic_data/doc_777.docx,.docx,carol,Synthetic content for document 777 of type .docx
C:/synthetic_data/doc_778.docx,.docx,bob,Synthetic content for document 778 of type .docx
C:/synthetic_data/doc_779.docx,.docx,bob,Synthetic content for document 779 of type .docx
C:/synthetic_data/doc_780.pdf,.pdf,dave,Synthetic content for document 780 of type .pdf
C:/synthetic_data/doc_781.docx,.docx,carol,Synthetic content for document 781 of type .docx
C:/synthetic_data/doc_782.pdf,.pdf,bob,Synthetic content for document 782 of type .pdf
C:/synthetic_data/doc_783.pdf,.pdf,alice,Synthetic content for document 783 of type .pdf
C:/synthetic_data/doc_784.docx,.docx,carol,Synthetic content for document 784 of type .docx
C:/synthetic_data/doc_785.pdf,.pdf,dave,Synthetic content for document 785 of type .pdf
C:/synthetic_data/doc_786.docx,.docx,dave,Synthetic content for document 786 of type .docx
C:/synthetic_data/doc_787.pptx,.pptx,dave,Synthetic content for document 787 of type .pptx
C:/synthetic_data/doc_788.pdf,.pdf,bob,Synthetic content for document 788 of type .pdf
C:/synthetic_data/doc_789.docx,.docx,dave,Synthetic content for document 789 of type .docx
C:/synthetic_data/doc_790.pdf,.pdf,alice,Synthetic content for document 790 of type .pdf
C:/synthetic_data/doc_791.pptx,.pptx,dave,Synthetic content for document 791 of type .pptx
C:/synthetic_data/doc_792.pdf,.pdf,bob,Synthetic content for document 792 of type .pdf
C:/synthetic_data/doc_793.docx,.docx,bob,Synthetic content for document 793 of type .docx
C:/synthetic_data/doc_794.pptx,.pptx,alice,Synthetic content for document 794 of type .pptx
C:/synthetic_data/doc_795.pdf,.pdf,bob,Synthetic content for document 795 of type .pdf
C:/synthetic_data/doc_796.docx,.docx,carol,Synthetic content for document 796 of type .docx
C:/synthetic_data/doc_797.docx,.docx,dave,Synthetic content for document 797 of type .docx
C:/synthetic_data/doc_798.docx,.docx,alice,Synthetic content for document 798 of type .docx
C:/synthetic_data/doc_799.pdf,.pdf,carol,Synthetic content for document 799 of type .pdf
C:/synthetic_data/doc_800.pdf,.pdf,bob,Synthetic content for document 800 of type .pdf
C:/synthetic_data/doc_801.docx,.docx,dave,Synthetic content for document 801 of type .docx
C:/synthetic_data/doc_802.pdf,.pdf,bob,Synthetic content for document 802 of type .pdf
C:/synthetic_data/doc_803.pptx,.pptx,carol,Synthetic content for document 803 of type .pptx
C:/synthetic_data/doc_804.docx,.docx,dave,Synthetic content for document 804 of type .docx
C:/synthetic_data/doc_805.pdf,.pdf,bob,Synthetic content for document 805 of type .pdf
C:/synthetic_data/doc_806.docx,.docx,carol,Synthetic content for document 806 of type .docx
C:/synthetic_data/doc_807.pdf,.pdf,dave,Synthetic content for document 807 of type .pdf
C:/synthetic_data/doc_808.pptx,.pptx,bob,Synthetic content for document 808 of type .pptx
C:/synthetic_data/doc_809.docx,.docx,dave,Synthetic content for document 809 of type .docx
C:/synthetic_data/doc_810.pdf,.pdf,bob,Synthetic content for document 810 of type .pdf
C:/synthetic_data/doc_811.pdf,.pdf,alice,Synthetic content for document 811 of type .pdf
C:/synthetic_data/doc_812.docx,.docx,alice,Synthetic content for document 812 of type .docx
C:/synthetic_data/doc_813.docx,.docx,alice,Synthetic content for document 813 of type .docx
C:/synthetic_data/doc_814.pptx,.pptx,carol,Synthetic content for document 814 of type .pptx
C:/synthetic_data/doc_815.docx,.docx,bob,Synthetic content for document 815 of type .docx
C:/synthetic_data/doc_816.docx,.docx,alice,Synthetic content for document 816 of type .docx
C:/synthetic_data/doc_817.pdf,.pdf,carol,Synthetic content for document 817 of type .pdf
C:/synthetic_data/doc_818.docx,.docx,alice,Synthetic content for document 818 of type .docx
C:/synthetic_data/doc_819.docx,.docx,bob,Synthetic content for document 819 of type .docx
C:/synthetic_data/doc_820.pdf,.pdf,dave,Synthetic content for document 820 of type .pdf
C:/synthetic_data/doc_821.docx,.docx,dave,Synthetic content for document 821 of type .docx
C:/synthetic_data/doc_822.docx,.docx,dave,Synthetic content for document 822 of type .docx
C:/synthetic_data/doc_823.docx,.docx,dave,Synthetic content for document 823 of type .docx
C:/synthetic_data/doc_824.docx,.docx,bob,Synthetic content for document 824 of type .docx
C:/synthetic_data/doc_825.pdf,.pdf,dave,Synthetic content for document 825 of type .pdf
C:/synthetic_data/doc_826.docx,.docx,bob,Synthetic content for document 826 of type .docx
C:/synthetic_data/doc_827.pdf,.pdf,bob,Synthetic content for document 827 of type .pdf
C:/synthetic_data/doc_828.docx,.docx,alice,Synthetic content for document 828 of type .docx
C:/synthetic_data/doc_829.docx,.docx,alice,Synthetic content for document 829 of type .docx
C:/synthetic_data/doc_830.pdf,.pdf,carol,Synthetic content for document 830 of type .pdf
C:/synthetic_data/doc_831.pdf,.pdf,carol,Synthetic content for document 831 of type .pdf
C:/synthetic_data/doc_832.docx,.docx,carol,Synthetic content for document 832 of type .docx
C:/synthetic_data/doc_833.docx,.docx,dave,Synthetic content for document 833 of type .docx
C:/synthetic_data/doc_834.pdf,.pdf,alice,Synthetic content for document 834 of type .pdf
C:/synthetic_data/doc_835.pdf,.pdf,bob,Synthetic content for document 835 of type .pdf
C:/synthetic_data/doc_836.pdf,.pdf,alice,Synthetic content for document 836 of type .pdf
C:/synthetic_data/doc_837.pptx,.pptx,bob,Synthetic content for document 837 of type .pptx
C:/synthetic_data/doc_838.pdf,.pdf,carol,Synthetic content for document 838 of type .pdf
C:/synthetic_data/doc_839.docx,.docx,bob,Synthetic content for document 839 of type .docx
C:/synthetic_data/doc_840.docx,.docx,bob,Synthetic content for document 840 of type .docx
C:/synthetic_data/doc_841.docx,.docx,carol,Synthetic content for document 841 of type .docx
C:/synthetic_data/doc_842.pdf,.pdf,bob,Synthetic content for document 842 of type .pdf
C:/synthetic_data/doc_843.pdf,.pdf,bob,Synthetic content for document 843 of type .pdf
C:/synthetic_data/doc_844.pdf,.pdf,alice,Synthetic content for document 844 of type .pdf
C:/synthetic_data/doc_845.pdf,.pdf,bob,Synthetic content for document 845 of type .pdf
C:/synthetic_data/doc_846.docx,.docx,bob,Synthetic content for document 846 of type .docx
C:/synthetic_data/doc_847.docx,.docx,carol,Synthetic content for document 847 of type .docx
C:/synthetic_data/doc_848.docx,.docx,alice,Synthetic content for document 848 of type .docx
C:/synthetic_data/doc_849.docx,.docx,dave,Synthetic content for document 849 of type .docx
C:/synthetic_data/doc_850.pdf,.pdf,alice,Synthetic content for document 850 of type .pdf
C:/synthetic_data/doc_851.pptx,.pptx,bob,Synthetic content for document 851 of type .pptx
C:/synthetic_data/doc_852.pdf,.pdf,dave,Synthetic content for document 852 of type .pdf
C:/synthetic_data/doc_853.pptx,.pptx,dave,Synthetic content for document 853 of type .pptx
C:/synthetic_data/doc_854.docx,.docx,carol,Synthetic content for document 854 of type .docx
C:/synthetic_data/doc_855.docx,.docx,dave,Synthetic content for document 855 of type .docx
C:/synthetic_data/doc_856.pdf,.pdf,dave,Synthetic content for document 856 of type .pdf
C:/synthetic_data/doc_857.pdf,.pdf,carol,Synthetic content for document 857 of type .pdf
C:/synthetic_data/doc_858.docx,.docx,carol,Synthetic content for document 858 of type .docx
C:/synthetic_data/doc_859.docx,.docx,dave,Synthetic content for document 859 of type .docx
C:/synthetic_data/doc_860.docx,.docx,carol,Synthetic content for document 860 of type .docx
C:/synthetic_data/doc_861.docx,.docx,alice,Synthetic content for document 861 of type .docx
C:/synthetic_data/doc_862.docx,.docx,carol,Synthetic content for document 862 of type .docx
C:/synthetic_data/doc_863.pptx,.pptx,bob,Synthetic content for document 863 of type .pptx
C:/synthetic_data/doc_864.pdf,.pdf,dave,Synthetic content for document 864 of type .pdf
C:/synthetic_data/doc_865.pdf,.pdf,carol,Synthetic content for document 865 of type .pdf
C:/synthetic_data/doc_866.docx,.docx,alice,Synthetic content for document 866 of type .docx
C:/synthetic_data/doc_867.docx,.docx,carol,Synthetic content for document 867 of type .docx
C:/synthetic_data/doc_868.pdf,.pdf,alice,Synthetic content for document 868 of type .pdf
C:/synthetic_data/doc_869.pptx,.pptx,alice,Synthetic content for document 869 of type .pptx
C:/synthetic_data/doc_870.pdf,.pdf,alice,Synthetic content for document 870 of type .pdf
C:/synthetic_data/doc_871.docx,.docx,carol,Synthetic content for document 871 of type .docx
C:/synthetic_data/doc_872.docx,.docx,bob,Synthetic content for document 872 of type .docx
C:/synthetic_data/doc_873.pptx,.pptx,alice,Synthetic content for document 873 of type .pptx
C:/synthetic_data/doc_874.docx,.docx,bob,Synthetic content for document 874 of type .docx
C:/synthetic_data/doc_875.docx,.docx,alice,Synthetic content for document 875 of type .docx
C:/synthetic_data/doc_876.docx,.docx,dave,Synthetic content for document 876 of type .docx
C:/synthetic_data/doc_877.docx,.docx,bob,Synthetic content for document 877 of type .docx
C:/synthetic_data/doc_878.docx,.docx,bob,Synthetic content for document 878 of type .docx
C:/synthetic_data/doc_879.docx,.docx,dave,Synthetic content for document 879 of type .docx
C:/synthetic_data/doc_880.docx,.docx,alice,Synthetic content for document 880 of type .docx
C:/synthetic_data/doc_881.pdf,.pdf,bob,Synthetic content for document 881 of type .pdf
C:/synthetic_data/doc_882.docx,.docx,dave,Synthetic content for document 882 of type .docx
C:/synthetic_data/doc_883.docx,.docx,dave,Synthetic content for document 883 of type .docx
C:/synthetic_data/doc_884.pdf,.pdf,bob,Synthetic content for document 884 of type .pdf
C:/synthetic_data/doc_885.docx,.docx,dave,Synthetic content for document 885 of type .docx
C:/synthetic_data/doc_886.docx,.docx,dave,Synthetic content for document 886 of type .docx
C:/synthetic_data/doc_887.pdf,.pdf,carol,Synthetic content for document 887 of type .pdf
C:/synthetic_data/doc_888.docx,.docx,alice,Synthetic content for document 888 of type .docx
C:/synthetic_data/doc_889.docx,.docx,alice,Synthetic content for document 889 of type .docx
C:/synthetic_data/doc_890.docx,.docx,bob,Synthetic content for document 890 of type .docx
C:/synthetic_data/doc_891.pdf,.pdf,bob,Synthetic content for document 891 of type .pdf
C:/synthetic_data/doc_892.pdf,.pdf,bob,Synthetic content for document 892 of type .pdf
C:/synthetic_data/doc_893.docx,.docx,dave,Synthetic content for document 893 of type .docx
C:/synthetic_data/doc_894.pdf,.pdf,alice,Synthetic content for document 894 of type .pdf
C:/synthetic_data/doc_895.docx,.docx,carol,Synthetic content for document 895 of type .docx
C:/synthetic_data/doc_896.pdf,.pdf,bob,Synthetic content for document 896 of type .pdf
C:/synthetic_data/doc_897.docx,.docx,alice,Synthetic content for document 897 of type .docx
C:/synthetic_data/doc_898.docx,.docx,bob,Synthetic content for document 898 of type .docx
C:/synthetic_data/doc_899.docx,.docx,bob,Synthetic content for document 899 of type .docx
C:/synthetic_data/doc_900.docx,.docx,carol,Synthetic content for document 900 of type .docx
C:/synthetic_data/doc_901.docx,.docx,carol,Synthetic content for document 901 of type .docx
C:/synthetic_data/doc_902.docx,.docx,carol,Synthetic content for document 902 of type .docx
C:/synthetic_data/doc_903.pdf,.pdf,bob,Synthetic content for document 903 of type .pdf
C:/synthetic_data/doc_904.pptx,.pptx,alice,Synthetic content for document 904 of type .pptx
C:/synthetic_data/doc_905.docx,.docx,alice,Synthetic content for document 905 of type .docx
C:/synthetic_data/doc_906.docx,.docx,carol,Synthetic content for document 906 of type .docx
C:/synthetic_data/doc_907.pdf,.pdf,dave,Synthetic content for document 907 of type .pdf
C:/synthetic_data/doc_908.pdf,.pdf,dave,Synthetic content for document 908 of type .pdf
C:/synthetic_data/doc_909.docx,.docx,carol,Synthetic content for document 909 of type .docx
C:/synthetic_data/doc_910.docx,.docx,alice,Synthetic content for document 910 of type .docx
C:/synthetic_data/doc_911.docx,.docx,bob,Synthetic content for document 911 of type .docx
C:/synthetic_data/doc_912.docx,.docx,bob,Synthetic content for document 912 of type .docx
C:/synthetic_data/doc_913.pdf,.pdf,dave,Synthetic content for document 913 of type .pdf
C:/synthetic_data/doc_914.docx,.docx,carol,Synthetic content for document 914 of type .docx
C:/synthetic_data/doc_915.pdf,.pdf,bob,Synthetic content for document 915 of type .pdf
C:/synthetic_data/doc_916.pdf,.pdf,carol,Synthetic content for document 916 of type .pdf
C:/synthetic_data/doc_917.pdf,.pdf,carol,Synthetic content for document 917 of type .pdf
C:/synthetic_data/doc_918.docx,.docx,bob,Synthetic content for document 918 of type .docx
C:/synthetic_data/doc_919.pdf,.pdf,carol,Synthetic content for document 919 of type .pdf
C:/synthetic_data/doc_920.pdf,.pdf,carol,Synthetic content for document 920 of type .pdf
C:/synthetic_data/doc_921.pdf,.pdf,carol,Synthetic content for document 921 of type .pdf
C:/synthetic_data/doc_922.docx,.docx,dave,Synthetic content for document 922 of type .docx
C:/synthetic_data/doc_923.pdf,.pdf,bob,Synthetic content for document 923 of type .pdf
C:/synthetic_data/doc_924.docx,.docx,carol,Synthetic content for document 924 of type .docx
C:/synthetic_data/doc_925.docx,.docx,carol,Synthetic content for document 925 of type .docx
C:/synthetic_data/doc_926.docx,.docx,carol,Synthetic content for document 926 of type .docx
C:/synthetic_data/doc_927.pptx,.pptx,alice,Synthetic content for document 927 of type .pptx
C:/synthetic_data/doc_928.docx,.docx,carol,Synthetic content for document 928 of type .docx
C:/synthetic_data/doc_929.pdf,.pdf,bob,Synthetic content for document 929 of type .pdf
C:/synthetic_data/doc_930.pdf,.pdf,bob,Synthetic content for document 930 of type .pdf
C:/synthetic_data/doc_931.pdf,.pdf,dave,Synthetic content for document 931 of type .pdf
C:/synthetic_data/doc_932.docx,.docx,carol,Synthetic content for document 932 of type .docx
C:/synthetic_data/doc_933.docx,.docx,bob,Synthetic content for document 933 of type .docx
C:/synthetic_data/doc_934.pptx,.pptx,dave,Synthetic content for document 934 of type .pptx
C:/synthetic_data/doc_935.pdf,.pdf,alice,Synthetic content for document 935 of type .pdf
C:/synthetic_data/doc_936.docx,.docx,dave,Synthetic content for document 936 of type .docx
C:/synthetic_data/doc_937.docx,.docx,bob,Synthetic content for document 937 of type .docx
C:/synthetic_data/doc_938.pdf,.pdf,bob,Synthetic content for document 938 of type .pdf
C:/synthetic_data/doc_939.docx,.docx,dave,Synthetic content for document 939 of type .docx
C:/synthetic_data/doc_940.pdf,.pdf,alice,Synthetic content for document 940 of type .pdf
C:/synthetic_data/doc_941.pdf,.pdf,bob,Synthetic content for document 941 of type .pdf
C:/synthetic_data/doc_942.docx,.docx,bob,Synthetic content for document 942 of type .docx
C:/synthetic_data/doc_943.pdf,.pdf,bob,Synthetic content for document 943 of type .pdf
C:/synthetic_data/doc_944.pptx,.pptx,alice,Synthetic content for document 944 of type .pptx
C:/synthetic_data/doc_945.docx,.docx,bob,Synthetic content for document 945 of type .docx
C:/synthetic_data/doc_946.docx,.docx,dave,Synthetic content for document 946 of type .docx
C:/synthetic_data/doc_947.pdf,.pdf,dave,Synthetic content for document 947 of type .pdf
C:/synthetic_data/doc_948.docx,.docx,carol,Synthetic content for document 948 of type .docx
C:/synthetic_data/doc_949.docx,.docx,dave,Synthetic content for document 949 of type .docx
C:/synthetic_data/doc_950.docx,.docx,alice,Synthetic content for document 950 of type .docx
C:/synthetic_data/doc_951.pdf,.pdf,carol,Synthetic content for document 951 of type .pdf
C:/synthetic_data/doc_952.docx,.docx,alice,Synthetic content for document 952 of type .docx
C:/synthetic_data/doc_953.docx,.docx,bob,Synthetic content for document 953 of type .docx
C:/synthetic_data/doc_954.docx,.docx,alice,Synthetic content for document 954 of type .docx
C:/synthetic_data/doc_955.pdf,.pdf,bob,Synthetic content for document 955 of type .pdf
C:/synthetic_data/doc_956.pptx,.pptx,carol,Synthetic content for document 956 of type .pptx
C:/synthetic_data/doc_957.docx,.docx,carol,Synthetic content for document 957 of type .docx
C:/synthetic_data/doc_958.docx,.docx,carol,Synthetic content for document 958 of type .docx
C:/synthetic_data/doc_959.docx,.docx,bob,Synthetic content for document 959 of type .docx
C:/synthetic_data/doc_960.docx,.docx,carol,Synthetic content for document 960 of type .docx
C:/synthetic_data/doc_961.docx,.docx,alice,Synthetic content for document 961 of type .docx
C:/synthetic_data/doc_962.docx,.docx,bob,Synthetic content for document 962 of type .docx
C:/synthetic_data/doc_963.docx,.docx,alice,Synthetic content for document 963 of type .docx
C:/synthetic_data/doc_964.pdf,.pdf,alice,Synthetic content for document 964 of type .pdf
C:/synthetic_data/doc_965.pdf,.pdf,alice,Synthetic content for document 965 of type .pdf
C:/synthetic_data/doc_966.pdf,.pdf,bob,Synthetic content for document 966 of type .pdf
C:/synthetic_data/doc_967.pdf,.pdf,alice,Synthetic content for document 967 of type .pdf
C:/synthetic_data/doc_968.pdf,.pdf,carol,Synthetic content for document 968 of type .pdf
C:/synthetic_data/doc_969.docx,.docx,dave,Synthetic content for document 969 of type .docx
C:/synthetic_data/doc_970.docx,.docx,bob,Synthetic content for document 970 of type .docx
C:/synthetic_data/doc_971.pptx,.pptx,carol,Synthetic content for document 971 of type .pptx
C:/synthetic_data/doc_972.pptx,.pptx,bob,Synthetic content for document 972 of type .pptx
C:/synthetic_data/doc_973.docx,.docx,carol,Synthetic content for document 973 of type .docx
C:/synthetic_data/doc_974.docx,.docx,bob,Synthetic content for document 974 of type .docx
C:/synthetic_data/doc_975.pdf,.pdf,carol,Synthetic content for document 975 of type .pdf
C:/synthetic_data/doc_976.docx,.docx,bob,Synthetic content for document 976 of type .docx
C:/synthetic_data/doc_977.pdf,.pdf,bob,Synthetic content for document 977 of type .pdf
C:/synthetic_data/doc_978.docx,.docx,alice,Synthetic content for document 978 of type .docx
C:/synthetic_data/doc_979.pptx,.pptx,bob,Synthetic content for document 979 of type .pptx
C:/synthetic_data/doc_980.pdf,.pdf,dave,Synthetic content for document 980 of type .pdf
C:/synthetic_data/doc_981.docx,.docx,dave,Synthetic content for document 981 of type .docx
C:/synthetic_data/doc_982.pdf,.pdf,carol,Synthetic content for document 982 of type .pdf
C:/synthetic_data/doc_983.pdf,.pdf,bob,Synthetic content for document 983 of type .pdf
C:/synthetic_data/doc_984.pdf,.pdf,bob,Synthetic content for document 984 of type .pdf
C:/synthetic_data/doc_985.docx,.docx,alice,Synthetic content for document 985 of type .docx
C:/synthetic_data/doc_986.pdf,.pdf,bob,Synthetic content for document 986 of type .pdf
C:/synthetic_data/doc_987.pdf,.pdf,carol,Synthetic content for document 987 of type .pdf
C:/synthetic_data/doc_988.pdf,.pdf,dave,Synthetic content for document 988 of type .pdf
C:/synthetic_data/doc_989.docx,.docx,bob,Synthetic content for document 989 of type .docx
C:/synthetic_data/doc_990.docx,.docx,carol,Synthetic content for document 990 of type .docx
C:/synthetic_data/doc_991.pdf,.pdf,alice,Synthetic content for document 991 of type .pdf
C:/synthetic_data/doc_992.docx,.docx,alice,Synthetic content for document 992 of type .docx
C:/synthetic_data/doc_993.pdf,.pdf,bob,Synthetic content for document 993 of type .pdf
C:/synthetic_data/doc_994.pdf,.pdf,carol,Synthetic content for document 994 of type .pdf
C:/synthetic_data/doc_995.pdf,.pdf,alice,Synthetic content for document 995 of type .pdf
C:/synthetic_data/doc_996.docx,.docx,alice,Synthetic content for document 996 of type .docx
C:/synthetic_data/doc_997.pdf,.pdf,bob,Synthetic content for document 997 of type .pdf
C:/synthetic_data/doc_998.pptx,.pptx,carol,Synthetic content for document 998 of type .pptx
C:/synthetic_data/doc_999.docx,.docx,bob,Synthetic content for document 999 of type .docx
